actual,prediction,error,index,hr,workingday,season,weathersit,time_of_day
283,290.0,7.0,0,0,0,1,1,Night
253,283.2,30.19999999999999,1,1,0,1,1,Night
261,284.0,23.0,2,2,0,1,1,Night
306,249.6,56.400000000000006,3,3,0,1,1,Night
445,432.0,13.0,4,4,0,1,1,Night
868,656.8,211.20000000000005,5,5,0,1,2,Morning
814,659.0,155.0,6,6,0,1,1,Morning
610,510.2,99.80000000000001,7,7,0,1,1,Morning
448,426.4,21.600000000000023,8,8,0,1,1,Morning
317,215.8,101.19999999999999,9,9,0,1,1,Morning
224,107.0,117.0,10,10,0,1,1,Morning
138,107.6,30.400000000000006,11,11,0,1,1,Morning
58,65.4,7.400000000000006,12,12,0,1,1,Afternoon
23,50.4,27.4,13,13,0,1,2,Afternoon
6,42.8,36.8,14,14,0,1,2,Afternoon
7,35.2,28.200000000000003,15,15,0,1,2,Afternoon
7,41.2,34.2,16,16,0,1,2,Afternoon
43,44.0,1.0,17,17,0,1,2,Evening
173,136.0,37.0,18,18,0,1,3,Evening
482,503.4,21.399999999999977,19,19,0,1,3,Evening
737,603.0,134.0,20,20,0,1,2,Evening
341,338.8,2.1999999999999886,21,21,0,1,2,Evening
214,231.8,17.80000000000001,22,22,0,1,2,Night
239,201.0,38.0,23,23,0,1,2,Night
280,272.2,7.800000000000011,24,0,0,1,2,Night
313,274.0,39.0,25,1,0,1,2,Night
236,293.0,57.0,26,2,0,1,2,Night
278,319.4,41.39999999999998,27,3,0,1,2,Night
441,397.0,44.0,28,4,0,1,2,Night
858,733.2,124.79999999999995,29,6,0,1,3,Morning
862,709.4,152.60000000000002,30,7,0,1,2,Morning
686,537.2,148.79999999999995,31,8,0,1,3,Morning
500,410.6,89.39999999999998,32,9,0,1,2,Morning
381,334.0,47.0,33,10,0,1,2,Morning
233,167.4,65.6,34,11,0,1,2,Morning
136,159.2,23.19999999999999,35,12,0,1,2,Afternoon
67,120.8,53.8,36,13,0,1,2,Afternoon
28,26.4,1.6000000000000014,37,14,0,1,3,Afternoon
14,19.4,5.399999999999999,38,15,0,1,3,Afternoon
6,15.0,9.0,39,16,0,1,3,Afternoon
10,8.0,2.0,40,17,0,1,1,Evening
41,63.8,22.799999999999997,41,18,0,1,2,Evening
167,150.6,16.400000000000006,42,19,0,1,1,Evening
475,441.4,33.60000000000002,43,20,0,1,1,Evening
698,608.4,89.60000000000002,44,21,0,1,1,Evening
353,378.6,25.600000000000023,45,22,0,1,1,Night
205,187.6,17.400000000000006,46,23,0,1,1,Night
260,199.8,60.19999999999999,47,0,1,1,1,Night
277,298.6,21.600000000000023,48,1,1,1,1,Night
281,296.2,15.199999999999989,49,4,1,1,1,Night
247,265.2,18.19999999999999,50,5,1,1,1,Morning
267,312.2,45.19999999999999,51,6,1,1,1,Morning
417,413.4,3.6000000000000227,52,7,1,1,1,Morning
810,727.2,82.79999999999995,53,8,1,1,1,Morning
811,730.2,80.79999999999995,54,9,1,1,1,Morning
623,701.6,78.60000000000002,55,10,1,1,1,Morning
478,454.4,23.600000000000023,56,11,1,1,1,Morning
336,281.2,54.80000000000001,57,12,1,1,1,Afternoon
259,195.0,64.0,58,13,1,1,1,Afternoon
156,72.4,83.6,59,14,1,1,1,Afternoon
85,77.4,7.599999999999994,60,15,1,1,1,Afternoon
41,34.6,6.399999999999999,61,16,1,1,1,Afternoon
20,70.0,50.0,62,17,1,1,1,Evening
9,20.8,11.8,63,18,1,1,1,Evening
7,55.4,48.4,64,19,1,1,1,Evening
33,94.4,61.400000000000006,65,20,1,1,1,Evening
44,111.8,67.8,66,21,1,1,1,Evening
133,369.6,236.60000000000002,67,22,1,1,1,Night
119,546.4,427.4,68,23,1,1,1,Night
220,368.8,148.8,69,0,1,1,1,Night
193,120.0,73.0,70,1,1,1,1,Night
251,167.4,83.6,71,2,1,1,1,Night
315,307.4,7.600000000000023,72,4,1,1,1,Night
290,347.6,57.60000000000002,73,5,1,1,1,Morning
307,303.4,3.6000000000000227,74,6,1,1,1,Morning
324,262.4,61.60000000000002,75,7,1,1,1,Morning
467,418.8,48.19999999999999,76,8,1,1,1,Morning
730,738.4,8.399999999999977,77,9,1,1,1,Morning
640,600.0,40.0,78,10,1,1,2,Morning
492,529.8,37.799999999999955,79,11,1,1,1,Morning
370,387.4,17.399999999999977,80,12,1,1,1,Afternoon
286,260.0,26.0,81,13,1,1,1,Afternoon
218,90.6,127.4,82,14,1,1,1,Afternoon
192,157.0,35.0,83,15,1,1,1,Afternoon
180,187.6,7.599999999999994,84,16,1,1,1,Afternoon
116,82.4,33.599999999999994,85,17,1,1,1,Evening
85,73.4,11.599999999999994,86,18,1,1,1,Evening
21,44.8,23.799999999999997,87,19,1,1,1,Evening
10,59.8,49.8,88,20,1,1,1,Evening
11,13.0,2.0,89,21,1,1,1,Evening
23,30.8,7.800000000000001,90,22,1,1,1,Night
62,68.8,6.799999999999997,91,23,1,1,1,Night
162,116.0,46.0,92,0,1,1,1,Night
271,138.6,132.4,93,1,1,1,1,Night
407,288.8,118.19999999999999,94,2,1,1,1,Night
499,269.0,230.0,95,4,1,1,1,Night
546,485.4,60.60000000000002,96,5,1,1,1,Morning
569,506.6,62.39999999999998,97,6,1,1,1,Morning
538,484.0,54.0,98,7,1,1,1,Morning
562,480.6,81.39999999999998,99,8,1,1,1,Morning
531,486.4,44.60000000000002,100,9,1,1,1,Morning
512,282.0,230.0,101,10,1,1,1,Morning
300,201.6,98.4,102,11,1,1,1,Morning
275,249.2,25.80000000000001,103,12,1,1,1,Afternoon
160,111.6,48.400000000000006,104,13,1,1,1,Afternoon
128,175.0,47.0,105,14,1,1,1,Afternoon
168,110.4,57.599999999999994,106,15,1,1,1,Afternoon
163,128.6,34.400000000000006,107,16,1,1,1,Afternoon
120,114.0,6.0,108,17,1,1,1,Evening
113,116.2,3.200000000000003,109,18,1,1,1,Evening
86,99.2,13.200000000000003,110,19,1,1,1,Evening
48,63.2,15.200000000000003,111,20,1,1,1,Evening
10,38.8,28.799999999999997,112,21,1,1,1,Evening
10,14.6,4.6,113,22,1,1,1,Night
16,20.8,4.800000000000001,114,23,1,1,1,Night
39,58.6,19.6,115,0,1,1,1,Night
119,105.4,13.599999999999994,116,1,1,1,1,Night
217,214.4,2.5999999999999943,117,2,1,1,1,Night
328,267.4,60.60000000000002,118,4,1,1,2,Night
449,462.6,13.600000000000023,119,5,1,1,2,Morning
505,482.0,23.0,120,6,1,1,2,Morning
543,486.6,56.39999999999998,121,7,1,1,2,Morning
579,458.4,120.60000000000002,122,8,1,1,1,Morning
577,504.4,72.60000000000002,123,9,1,1,2,Morning
513,505.2,7.800000000000011,124,10,1,1,1,Morning
505,331.0,174.0,125,11,1,1,1,Morning
491,365.8,125.19999999999999,126,12,1,1,1,Afternoon
465,368.8,96.19999999999999,127,13,1,1,1,Afternoon
300,304.2,4.199999999999989,128,14,1,1,1,Afternoon
220,226.0,6.0,129,15,1,1,1,Afternoon
181,142.2,38.80000000000001,130,16,1,1,1,Afternoon
110,92.6,17.400000000000006,131,17,1,1,1,Evening
47,73.8,26.799999999999997,132,18,1,1,1,Evening
14,60.2,46.2,133,19,1,1,1,Evening
9,51.4,42.4,134,20,1,1,1,Evening
6,5.4,0.5999999999999996,135,21,1,1,2,Evening
11,47.4,36.4,136,22,1,1,2,Night
36,34.2,1.7999999999999972,137,23,1,1,2,Night
159,137.0,22.0,138,0,1,1,2,Night
436,416.0,20.0,139,1,1,1,2,Night
673,624.4,48.60000000000002,140,2,1,1,2,Night
305,303.0,2.0,141,4,1,1,2,Night
199,187.6,11.400000000000006,142,5,1,1,3,Morning
245,195.4,49.599999999999994,143,6,1,1,2,Morning
276,257.6,18.399999999999977,144,7,1,1,1,Morning
254,304.0,50.0,145,8,1,1,1,Morning
248,300.0,52.0,146,9,1,1,1,Morning
274,260.6,13.399999999999977,147,10,1,1,1,Morning
464,350.2,113.80000000000001,148,11,1,1,2,Morning
818,764.8,53.200000000000045,149,12,1,1,2,Afternoon
812,668.0,144.0,150,13,1,1,2,Afternoon
555,591.2,36.200000000000045,151,14,1,1,2,Afternoon
432,388.8,43.19999999999999,152,15,1,1,2,Afternoon
290,346.8,56.80000000000001,153,16,1,1,2,Afternoon
192,176.8,15.199999999999989,154,17,1,1,2,Evening
128,124.8,3.200000000000003,155,18,1,1,1,Evening
60,52.8,7.200000000000003,156,19,1,1,1,Evening
27,28.2,1.1999999999999993,157,20,1,1,1,Evening
11,52.0,41.0,158,21,1,1,1,Evening
3,77.0,74.0,159,22,1,1,2,Night
5,50.0,45.0,160,23,1,1,2,Night
36,110.2,74.2,161,0,0,1,2,Night
64,182.2,118.19999999999999,162,1,0,1,2,Night
179,508.2,329.2,163,2,0,1,2,Night
618,564.0,54.0,164,3,0,1,3,Night
402,456.0,54.0,165,4,0,1,3,Night
208,192.4,15.599999999999994,166,5,0,1,2,Morning
196,231.6,35.599999999999994,167,6,0,1,2,Morning
300,252.8,47.19999999999999,168,7,0,1,2,Morning
286,239.6,46.400000000000006,169,8,0,1,3,Morning
255,227.6,27.400000000000006,170,9,0,1,3,Morning
283,277.8,5.199999999999989,171,10,0,1,2,Morning
458,381.6,76.39999999999998,172,11,0,1,2,Morning
812,704.6,107.39999999999998,173,12,0,1,2,Afternoon
854,731.2,122.79999999999995,174,13,0,1,1,Afternoon
627,581.4,45.60000000000002,175,14,0,1,1,Afternoon
436,443.0,7.0,176,15,0,1,1,Afternoon
308,322.2,14.199999999999989,177,16,0,1,1,Afternoon
189,220.0,31.0,178,17,0,1,1,Evening
167,144.8,22.19999999999999,179,18,0,1,1,Evening
60,49.2,10.799999999999997,180,19,0,1,1,Evening
37,102.4,65.4,181,20,0,1,1,Evening
8,93.0,85.0,182,21,0,1,1,Evening
11,77.6,66.6,183,22,0,1,1,Night
4,12.8,8.8,184,23,0,1,1,Night
39,66.8,27.799999999999997,185,0,0,1,1,Night
172,178.8,6.800000000000011,186,1,0,1,1,Night
492,503.4,11.399999999999977,187,2,0,1,1,Night
682,596.2,85.79999999999995,188,3,0,1,1,Night
367,319.2,47.80000000000001,189,4,0,1,1,Night
233,195.8,37.19999999999999,190,5,0,1,1,Morning
235,212.4,22.599999999999994,191,6,0,1,1,Morning
307,293.4,13.600000000000023,192,7,0,1,1,Morning
294,266.2,27.80000000000001,193,8,0,1,1,Morning
255,245.6,9.400000000000006,194,9,0,1,1,Morning
266,318.6,52.60000000000002,195,10,0,1,1,Morning
431,375.2,55.80000000000001,196,11,0,1,1,Morning
851,694.6,156.39999999999998,197,12,0,1,1,Afternoon
848,694.0,154.0,198,13,0,1,1,Afternoon
649,616.6,32.39999999999998,199,14,0,1,1,Afternoon
427,394.2,32.80000000000001,200,15,0,1,1,Afternoon
315,354.2,39.19999999999999,201,16,0,1,1,Afternoon
226,248.6,22.599999999999994,202,17,0,1,1,Evening
138,140.4,2.4000000000000057,203,18,0,1,1,Evening
76,42.6,33.4,204,19,0,1,1,Evening
21,26.2,5.199999999999999,205,20,0,1,1,Evening
15,11.8,3.1999999999999993,206,21,0,1,1,Evening
4,40.2,36.2,207,22,0,1,1,Night
5,92.8,87.8,208,23,0,1,1,Night
37,37.8,0.7999999999999972,209,0,1,1,1,Night
165,135.6,29.400000000000006,210,1,1,1,1,Night
464,459.2,4.800000000000011,211,2,1,1,1,Night
682,676.6,5.399999999999977,212,3,1,1,1,Night
337,403.2,66.19999999999999,213,4,1,1,1,Night
199,200.6,1.5999999999999943,214,5,1,1,1,Morning
274,205.8,68.19999999999999,215,6,1,1,1,Morning
343,298.6,44.39999999999998,216,7,1,1,1,Morning
300,289.2,10.800000000000011,217,8,1,1,2,Morning
248,227.4,20.599999999999994,218,9,1,1,2,Morning
260,276.8,16.80000000000001,219,10,1,1,2,Morning
419,368.0,51.0,220,11,1,1,2,Morning
897,756.8,140.20000000000005,221,12,1,1,2,Afternoon
832,773.6,58.39999999999998,222,13,1,1,2,Afternoon
677,549.2,127.79999999999995,223,14,1,1,2,Afternoon
514,440.8,73.19999999999999,224,15,1,1,2,Afternoon
356,349.4,6.600000000000023,225,16,1,1,1,Afternoon
254,264.4,10.399999999999977,226,17,1,1,1,Evening
226,153.2,72.80000000000001,227,18,1,1,1,Evening
88,69.4,18.599999999999994,228,19,1,1,1,Evening
54,32.4,21.6,229,20,1,1,1,Evening
19,14.6,4.4,230,21,1,1,1,Evening
6,8.8,2.8000000000000007,231,22,1,1,1,Night
9,7.6,1.4000000000000004,232,23,1,1,1,Night
36,28.8,7.199999999999999,233,0,1,1,1,Night
157,133.6,23.400000000000006,234,1,1,1,1,Night
379,380.0,1.0,235,2,1,1,2,Night
668,585.2,82.79999999999995,236,5,1,1,2,Morning
378,291.2,86.80000000000001,237,6,1,1,2,Morning
231,152.2,78.80000000000001,238,7,1,1,2,Morning
303,234.6,68.4,239,8,1,1,2,Morning
365,310.4,54.60000000000002,240,9,1,1,2,Morning
357,348.8,8.199999999999989,241,10,1,1,2,Morning
328,331.0,3.0,242,11,1,1,2,Morning
383,268.8,114.19999999999999,243,12,1,1,2,Afternoon
488,382.8,105.19999999999999,244,13,1,1,2,Afternoon
791,572.8,218.20000000000005,245,14,1,1,2,Afternoon
669,504.4,164.60000000000002,246,15,1,1,2,Afternoon
491,286.6,204.39999999999998,247,16,1,1,2,Afternoon
359,288.4,70.60000000000002,248,17,1,1,2,Evening
255,203.4,51.599999999999994,249,18,1,1,3,Evening
213,72.0,141.0,250,19,1,1,3,Evening
121,93.0,28.0,251,20,1,1,3,Evening
105,95.6,9.400000000000006,252,21,1,1,3,Evening
92,69.4,22.599999999999994,253,22,1,1,3,Night
43,72.8,29.799999999999997,254,23,1,1,3,Night
30,82.0,52.0,255,0,1,1,2,Night
13,35.2,22.200000000000003,256,1,1,1,2,Night
9,21.8,12.8,257,2,1,1,1,Night
27,30.8,3.8000000000000007,258,5,1,1,1,Morning
64,69.6,5.599999999999994,259,6,1,1,1,Morning
189,113.0,76.0,260,7,1,1,1,Morning
292,257.6,34.39999999999998,261,8,1,1,1,Morning
480,373.8,106.19999999999999,262,9,1,1,1,Morning
536,400.6,135.39999999999998,263,10,1,1,1,Morning
654,497.8,156.2,264,11,1,1,1,Morning
644,479.0,165.0,265,12,1,1,1,Afternoon
598,472.8,125.19999999999999,266,13,1,1,1,Afternoon
596,466.8,129.2,267,14,1,1,1,Afternoon
641,448.8,192.2,268,15,1,1,1,Afternoon
635,453.2,181.8,269,16,1,1,1,Afternoon
554,433.6,120.39999999999998,270,17,1,1,1,Evening
488,355.2,132.8,271,18,1,1,1,Evening
341,290.4,50.60000000000002,272,19,1,1,1,Evening
338,258.2,79.80000000000001,273,20,1,1,1,Evening
261,128.0,133.0,274,21,1,1,1,Evening
235,141.6,93.4,275,22,1,1,1,Night
187,139.2,47.80000000000001,276,23,1,1,1,Night
131,134.2,3.1999999999999886,277,0,1,1,1,Night
119,99.6,19.400000000000006,278,1,1,1,1,Night
55,55.4,0.3999999999999986,279,2,1,1,1,Night
26,29.2,3.1999999999999993,280,3,1,1,1,Night
11,18.2,7.199999999999999,281,4,1,1,1,Night
20,20.6,0.6000000000000014,282,5,1,1,1,Morning
41,49.0,8.0,283,6,1,1,1,Morning
124,136.2,12.199999999999989,284,7,1,1,1,Morning
270,303.2,33.19999999999999,285,8,1,1,1,Morning
425,335.2,89.80000000000001,286,9,1,1,1,Morning
272,113.6,158.4,287,10,1,1,2,Morning
298,242.4,55.599999999999994,288,11,1,1,2,Morning
162,348.4,186.39999999999998,289,12,1,1,1,Afternoon
149,324.2,175.2,290,13,1,1,1,Afternoon
276,538.0,262.0,291,14,1,1,1,Afternoon
356,463.0,107.0,292,15,1,1,1,Afternoon
343,282.2,60.80000000000001,293,16,1,1,1,Afternoon
377,189.2,187.8,294,17,1,1,1,Evening
341,300.4,40.60000000000002,295,18,1,1,1,Evening
274,232.8,41.19999999999999,296,19,1,1,1,Evening
190,239.6,49.599999999999994,297,20,1,1,1,Evening
56,134.0,78.0,298,21,1,1,1,Evening
46,75.2,29.200000000000003,299,22,1,1,1,Night
26,22.6,3.3999999999999986,300,23,1,1,1,Night
10,25.0,15.0,301,0,1,1,1,Night
5,12.8,7.800000000000001,302,1,1,1,1,Night
3,4.8,1.7999999999999998,303,2,1,1,1,Night
7,12.2,5.199999999999999,304,3,1,1,1,Night
37,32.6,4.399999999999999,305,5,1,1,1,Morning
161,142.2,18.80000000000001,306,6,1,1,1,Morning
442,499.6,57.60000000000002,307,7,1,1,1,Morning
655,639.4,15.600000000000023,308,8,1,1,1,Morning
357,394.2,37.19999999999999,309,9,1,1,1,Morning
193,193.6,0.5999999999999943,310,10,1,1,1,Morning
241,174.0,67.0,311,11,1,1,1,Morning
282,270.0,12.0,312,12,1,1,1,Afternoon
291,304.0,13.0,313,13,1,1,1,Afternoon
275,248.8,26.19999999999999,314,14,1,1,1,Afternoon
309,260.0,49.0,315,15,1,1,1,Afternoon
460,385.4,74.60000000000002,316,16,1,1,1,Afternoon
893,675.2,217.79999999999995,317,17,1,1,1,Evening
815,590.2,224.79999999999995,318,18,1,1,1,Evening
299,469.6,170.60000000000002,319,19,1,1,1,Evening
261,292.4,31.399999999999977,320,20,1,1,1,Evening
245,253.4,8.400000000000006,321,21,1,1,1,Evening
161,51.8,109.2,322,22,1,1,2,Night
102,69.2,32.8,323,23,1,1,2,Night
59,70.2,11.200000000000003,324,0,0,1,1,Night
33,41.6,8.600000000000001,325,1,0,1,2,Night
8,8.2,0.1999999999999993,326,2,0,1,2,Night
3,5.6,2.5999999999999996,327,3,0,1,2,Night
4,7.2,3.2,328,4,0,1,2,Night
34,39.4,5.399999999999999,329,5,0,1,1,Morning
169,174.2,5.199999999999989,330,6,0,1,1,Morning
519,427.8,91.19999999999999,331,7,0,1,1,Morning
723,704.2,18.799999999999955,332,8,0,1,1,Morning
328,312.8,15.199999999999989,333,9,0,1,1,Morning
178,187.8,9.800000000000011,334,10,0,1,1,Morning
256,216.8,39.19999999999999,335,11,0,1,1,Morning
305,255.6,49.400000000000006,336,12,0,1,1,Afternoon
331,245.6,85.4,337,13,0,1,1,Afternoon
302,318.0,16.0,338,14,0,1,1,Afternoon
302,243.2,58.80000000000001,339,15,0,1,2,Afternoon
467,360.6,106.39999999999998,340,16,0,1,2,Afternoon
878,805.2,72.79999999999995,341,17,0,1,2,Evening
625,671.0,46.0,342,18,0,1,2,Evening
476,530.2,54.200000000000045,343,19,0,1,2,Evening
358,408.2,50.19999999999999,344,20,0,1,2,Evening
280,249.2,30.80000000000001,345,21,0,1,2,Evening
232,159.2,72.80000000000001,346,22,0,1,2,Night
136,86.2,49.8,347,23,0,1,1,Night
55,24.8,30.2,348,0,0,1,1,Night
21,44.2,23.200000000000003,349,1,0,1,1,Night
17,36.4,19.4,350,2,0,1,1,Night
7,35.2,28.200000000000003,351,3,0,1,1,Night
8,7.6,0.40000000000000036,352,4,0,1,1,Night
40,34.4,5.600000000000001,353,5,0,1,2,Morning
187,138.4,48.599999999999994,354,6,0,1,2,Morning
553,367.6,185.39999999999998,355,7,0,1,2,Morning
740,604.6,135.39999999999998,356,8,0,1,1,Morning
376,288.6,87.39999999999998,357,9,0,1,1,Morning
225,182.2,42.80000000000001,358,10,0,1,1,Morning
267,216.8,50.19999999999999,359,11,0,1,1,Morning
312,278.6,33.39999999999998,360,12,0,1,1,Afternoon
316,268.6,47.39999999999998,361,13,0,1,1,Afternoon
266,263.6,2.3999999999999773,362,14,0,1,1,Afternoon
316,238.0,78.0,363,15,0,1,1,Afternoon
460,310.0,150.0,364,16,0,1,1,Afternoon
783,759.4,23.600000000000023,365,17,0,1,1,Evening
683,741.8,58.799999999999955,366,18,0,1,1,Evening
580,367.6,212.39999999999998,367,19,0,1,1,Evening
391,371.8,19.19999999999999,368,20,0,1,1,Evening
351,301.0,50.0,369,21,0,1,1,Evening
281,127.4,153.6,370,22,0,1,2,Night
140,57.8,82.2,371,23,0,1,2,Night
60,26.2,33.8,372,0,0,1,2,Night
25,20.2,4.800000000000001,373,1,0,1,2,Night
20,20.4,0.3999999999999986,374,2,0,1,2,Night
9,15.2,6.199999999999999,375,3,0,1,2,Night
6,20.2,14.2,376,4,0,1,2,Night
37,68.8,31.799999999999997,377,5,0,1,2,Morning
192,151.2,40.80000000000001,378,6,0,1,2,Morning
481,437.6,43.39999999999998,379,7,0,1,2,Morning
707,691.8,15.200000000000045,380,8,0,1,2,Morning
412,352.0,60.0,381,9,0,1,2,Morning
233,211.0,22.0,382,10,0,1,2,Morning
278,214.4,63.599999999999994,383,11,0,1,2,Morning
332,279.4,52.60000000000002,384,12,0,1,2,Afternoon
346,271.0,75.0,385,13,0,1,2,Afternoon
305,282.6,22.399999999999977,386,14,0,1,2,Afternoon
305,310.6,5.600000000000023,387,15,0,1,2,Afternoon
465,388.0,77.0,388,16,0,1,2,Afternoon
820,769.2,50.799999999999955,389,17,0,1,1,Evening
941,788.0,153.0,390,18,0,1,2,Evening
633,602.8,30.200000000000045,391,19,0,1,3,Evening
474,380.8,93.19999999999999,392,20,0,1,3,Evening
329,316.6,12.399999999999977,393,21,0,1,3,Evening
198,130.8,67.19999999999999,394,22,0,1,3,Night
157,104.8,52.2,395,23,0,1,3,Night
111,74.8,36.2,396,12,1,1,2,Afternoon
42,57.6,15.600000000000001,397,13,1,1,2,Afternoon
16,16.2,0.1999999999999993,398,14,1,1,2,Afternoon
8,5.6,2.4000000000000004,399,15,1,1,2,Afternoon
8,42.0,34.0,400,16,1,1,2,Afternoon
38,28.6,9.399999999999999,401,17,1,1,2,Evening
151,110.0,41.0,402,18,1,1,2,Evening
425,413.8,11.199999999999989,403,19,1,1,2,Evening
744,556.0,188.0,404,20,1,1,2,Evening
389,373.4,15.600000000000023,405,21,1,1,2,Evening
262,211.2,50.80000000000001,406,22,1,1,2,Night
281,235.8,45.19999999999999,407,23,1,1,2,Night
371,293.4,77.60000000000002,408,0,1,1,2,Night
351,336.0,15.0,409,1,1,1,3,Night
338,236.2,101.80000000000001,410,2,1,1,3,Night
350,361.0,11.0,411,4,1,1,3,Night
515,456.6,58.39999999999998,412,5,1,1,2,Morning
812,672.4,139.60000000000002,413,6,1,1,2,Morning
736,559.2,176.79999999999995,414,7,1,1,2,Morning
536,601.8,65.79999999999995,415,8,1,1,2,Morning
363,351.4,11.600000000000023,416,9,1,1,2,Morning
306,279.2,26.80000000000001,417,10,1,1,2,Morning
251,87.0,164.0,418,11,1,1,2,Morning
178,163.8,14.199999999999989,419,12,1,1,2,Afternoon
135,114.0,21.0,420,13,1,1,1,Afternoon
115,106.6,8.400000000000006,421,14,1,1,1,Afternoon
79,69.8,9.200000000000003,422,15,1,1,1,Afternoon
38,36.4,1.6000000000000014,423,16,1,1,1,Afternoon
12,11.2,0.8000000000000007,424,17,1,1,1,Evening
14,18.0,4.0,425,18,1,1,1,Evening
30,27.6,2.3999999999999986,426,19,1,1,1,Evening
102,47.6,54.4,427,20,1,1,1,Evening
162,130.8,31.19999999999999,428,21,1,1,1,Evening
288,210.0,78.0,429,22,1,1,1,Night
442,293.0,149.0,430,23,1,1,1,Night
457,363.6,93.39999999999998,431,0,1,1,1,Night
584,388.4,195.60000000000002,432,1,1,1,1,Night
517,402.6,114.39999999999998,433,2,1,1,1,Night
482,369.0,113.0,434,3,1,1,1,Night
233,340.2,107.19999999999999,435,4,1,1,1,Night
434,376.6,57.39999999999998,436,5,1,1,1,Morning
403,257.8,145.2,437,6,1,1,1,Morning
383,268.4,114.60000000000002,438,7,1,1,1,Morning
354,235.4,118.6,439,8,1,1,1,Morning
241,201.6,39.400000000000006,440,9,1,1,2,Morning
208,212.8,4.800000000000011,441,10,1,1,1,Morning
182,198.0,16.0,442,11,1,1,2,Morning
158,142.4,15.599999999999994,443,12,1,1,2,Afternoon
134,123.2,10.799999999999997,444,13,1,1,2,Afternoon
134,93.4,40.599999999999994,445,14,1,1,2,Afternoon
116,90.4,25.599999999999994,446,15,1,1,2,Afternoon
53,48.8,4.200000000000003,447,16,1,1,2,Afternoon
16,50.6,34.6,448,17,1,1,2,Evening
16,13.4,2.5999999999999996,449,18,1,1,2,Evening
21,33.8,12.799999999999997,450,19,1,1,1,Evening
34,44.8,10.799999999999997,451,20,1,1,2,Evening
133,61.2,71.8,452,21,1,1,2,Evening
263,113.2,149.8,453,22,1,1,2,Night
385,241.2,143.8,454,23,1,1,2,Night
482,215.8,266.2,455,0,1,1,2,Night
626,309.2,316.8,456,1,1,1,2,Night
541,161.0,380.0,457,2,1,1,3,Night
377,308.8,68.19999999999999,458,3,1,1,3,Night
391,265.0,126.0,459,4,1,1,2,Night
173,267.6,94.60000000000002,460,5,1,1,1,Morning
233,282.4,49.39999999999998,461,6,1,1,1,Morning
264,207.2,56.80000000000001,462,7,1,1,1,Morning
292,177.2,114.80000000000001,463,8,1,1,1,Morning
211,226.4,15.400000000000006,464,9,1,1,1,Morning
166,221.0,55.0,465,10,1,1,1,Morning
114,127.2,13.200000000000003,466,11,1,1,1,Morning
80,98.0,18.0,467,12,1,1,1,Afternoon
32,47.0,15.0,468,13,1,1,1,Afternoon
7,23.8,16.8,469,14,1,1,1,Afternoon
8,11.2,3.1999999999999993,470,15,1,1,1,Afternoon
4,4.6,0.5999999999999996,471,16,1,1,1,Afternoon
12,8.2,3.8000000000000007,472,17,1,1,1,Evening
36,37.8,1.7999999999999972,473,18,1,1,1,Evening
145,142.0,3.0,474,19,1,1,1,Evening
433,453.4,20.399999999999977,475,20,1,1,1,Evening
699,683.4,15.600000000000023,476,21,1,1,1,Evening
342,340.8,1.1999999999999886,477,22,1,1,1,Night
206,183.6,22.400000000000006,478,23,1,1,1,Night
229,182.8,46.19999999999999,479,0,0,1,1,Night
283,273.4,9.600000000000023,480,1,0,1,2,Night
288,252.4,35.599999999999994,481,2,0,1,2,Night
246,285.2,39.19999999999999,482,3,0,1,2,Night
282,232.4,49.599999999999994,483,4,0,1,2,Night
444,410.0,34.0,484,6,0,1,2,Morning
845,719.0,126.0,485,7,0,1,1,Morning
834,668.0,166.0,486,8,0,1,1,Morning
573,588.6,15.600000000000023,487,9,0,1,1,Morning
416,430.4,14.399999999999977,488,10,0,1,2,Morning
278,351.6,73.60000000000002,489,11,0,1,2,Morning
161,138.2,22.80000000000001,490,12,0,1,2,Afternoon
114,113.2,0.7999999999999972,491,13,0,1,1,Afternoon
38,39.2,1.2000000000000028,492,14,0,1,1,Afternoon
21,20.8,0.1999999999999993,493,15,0,1,1,Afternoon
15,18.8,3.8000000000000007,494,16,0,1,1,Afternoon
4,6.8,2.8,495,17,0,1,1,Evening
8,7.6,0.40000000000000036,496,18,0,1,1,Evening
42,145.6,103.6,497,19,0,1,1,Evening
147,182.8,35.80000000000001,498,20,0,1,1,Evening
269,508.2,239.2,499,21,0,1,1,Evening
693,564.0,129.0,500,22,0,1,1,Night
395,456.0,61.0,501,23,0,1,1,Night
204,196.4,7.599999999999994,502,0,0,1,1,Night
218,196.6,21.400000000000006,503,1,0,1,1,Night
297,212.4,84.6,504,2,0,1,1,Night
288,271.8,16.19999999999999,505,3,0,1,1,Night
251,192.6,58.400000000000006,506,5,0,1,2,Morning
317,208.2,108.80000000000001,507,6,0,1,2,Morning
480,350.4,129.60000000000002,508,7,0,1,1,Morning
864,741.2,122.79999999999995,509,8,0,1,1,Morning
818,621.4,196.60000000000002,510,9,0,1,1,Morning
597,443.8,153.2,511,10,0,1,1,Morning
435,381.2,53.80000000000001,512,11,0,1,1,Morning
314,262.0,52.0,513,12,0,1,1,Afternoon
216,196.2,19.80000000000001,514,13,0,1,1,Afternoon
109,114.6,5.599999999999994,515,14,0,1,1,Afternoon
47,63.6,16.6,516,15,0,1,1,Afternoon
14,32.0,18.0,517,16,0,1,1,Afternoon
6,16.8,10.8,518,17,0,1,1,Evening
9,20.2,11.2,519,18,0,1,1,Evening
10,15.2,5.199999999999999,520,19,0,1,1,Evening
40,71.0,31.0,521,20,0,1,1,Evening
181,177.0,4.0,522,21,0,1,1,Evening
554,367.4,186.60000000000002,523,22,0,1,1,Night
808,540.6,267.4,524,23,0,1,1,Night
348,257.4,90.60000000000002,525,0,1,1,1,Night
178,167.8,10.199999999999989,526,1,1,1,1,Night
253,208.0,45.0,527,3,1,1,1,Night
360,286.4,73.60000000000002,528,4,1,1,1,Night
300,289.4,10.600000000000023,529,5,1,1,1,Morning
301,236.4,64.6,530,6,1,1,1,Morning
338,233.0,105.0,531,7,1,1,1,Morning
493,383.6,109.39999999999998,532,8,1,1,1,Morning
870,682.2,187.79999999999995,533,9,1,1,1,Morning
812,790.0,22.0,534,10,1,1,1,Morning
643,621.8,21.200000000000045,535,11,1,1,1,Morning
427,383.0,44.0,536,12,1,1,2,Afternoon
313,364.4,51.39999999999998,537,13,1,1,2,Afternoon
235,204.8,30.19999999999999,538,14,1,1,2,Afternoon
157,167.6,10.599999999999994,539,15,1,1,1,Afternoon
65,26.2,38.8,540,16,1,1,1,Afternoon
23,29.0,6.0,541,17,1,1,1,Evening
17,26.2,9.2,542,18,1,1,1,Evening
5,19.0,14.0,543,19,1,1,1,Evening
8,18.8,10.8,544,20,1,1,1,Evening
35,66.6,31.599999999999994,545,21,1,1,1,Evening
163,150.0,13.0,546,22,1,1,2,Night
532,530.6,1.3999999999999773,547,23,1,1,2,Night
754,569.4,184.60000000000002,548,0,1,1,2,Night
396,446.6,50.60000000000002,549,1,1,1,2,Night
234,201.4,32.599999999999994,550,2,1,1,1,Night
276,210.4,65.6,551,4,1,1,1,Night
294,298.6,4.600000000000023,552,5,1,1,1,Morning
290,307.2,17.19999999999999,553,6,1,1,1,Morning
273,269.4,3.6000000000000227,554,7,1,1,1,Morning
338,306.4,31.600000000000023,555,8,1,1,2,Morning
482,361.4,120.60000000000002,556,9,1,1,2,Morning
844,756.8,87.20000000000005,557,10,1,1,2,Morning
853,729.2,123.79999999999995,558,11,1,1,2,Morning
610,602.8,7.2000000000000455,559,12,1,1,2,Afternoon
471,450.6,20.399999999999977,560,13,1,1,2,Afternoon
307,316.6,9.600000000000023,561,14,1,1,2,Afternoon
291,109.4,181.6,562,15,1,1,2,Afternoon
152,138.4,13.599999999999994,563,16,1,1,2,Afternoon
82,37.0,45.0,564,17,1,1,1,Evening
32,18.4,13.600000000000001,565,18,1,1,2,Evening
20,14.2,5.800000000000001,566,19,1,1,2,Evening
5,7.2,2.2,567,20,1,1,1,Evening
7,9.6,2.5999999999999996,568,21,1,1,1,Evening
29,56.4,27.4,569,22,1,1,1,Night
108,130.2,22.19999999999999,570,23,1,1,2,Night
421,406.6,14.399999999999977,571,0,1,1,2,Night
690,556.0,134.0,572,1,1,1,2,Night
398,323.2,74.80000000000001,573,2,1,1,3,Night
256,173.6,82.4,574,5,1,1,3,Morning
309,232.4,76.6,575,6,1,1,3,Morning
410,322.2,87.80000000000001,576,7,1,1,3,Morning
368,329.8,38.19999999999999,577,8,1,1,3,Morning
436,267.4,168.60000000000002,578,9,1,1,3,Morning
526,304.2,221.8,579,10,1,1,3,Morning
528,431.4,96.60000000000002,580,11,1,1,3,Morning
617,703.2,86.20000000000005,581,12,1,1,3,Afternoon
546,624.2,78.20000000000005,582,13,1,1,3,Afternoon
452,527.2,75.20000000000005,583,14,1,1,3,Afternoon
356,409.8,53.80000000000001,584,15,1,1,3,Afternoon
303,282.0,21.0,585,16,1,1,4,Afternoon
277,227.8,49.19999999999999,586,17,1,1,3,Evening
174,146.6,27.400000000000006,587,16,1,1,1,Afternoon
168,146.8,21.19999999999999,588,17,1,1,1,Evening
79,85.4,6.400000000000006,589,18,1,1,1,Evening
69,72.0,3.0,590,19,1,1,1,Evening
35,43.8,8.799999999999997,591,20,1,1,1,Evening
12,66.2,54.2,592,21,1,1,1,Evening
22,9.2,12.8,593,22,1,1,1,Night
36,38.6,2.6000000000000014,594,23,1,1,1,Night
66,210.8,144.8,595,0,1,1,2,Night
162,166.0,4.0,596,1,1,1,2,Night
237,280.8,43.80000000000001,597,2,1,1,2,Night
417,400.8,16.19999999999999,598,3,1,1,2,Night
492,448.4,43.60000000000002,599,5,1,1,2,Morning
471,495.2,24.19999999999999,600,6,1,1,2,Morning
504,532.0,28.0,601,7,1,1,2,Morning
514,444.6,69.39999999999998,602,8,1,1,2,Morning
563,421.2,141.8,603,9,1,1,3,Morning
462,434.6,27.399999999999977,604,10,1,1,3,Morning
463,408.2,54.80000000000001,605,11,1,1,3,Morning
442,375.0,67.0,606,12,1,1,3,Afternoon
392,367.4,24.600000000000023,607,13,1,1,3,Afternoon
207,283.6,76.60000000000002,608,14,1,1,3,Afternoon
104,214.2,110.19999999999999,609,15,1,1,2,Afternoon
78,119.2,41.2,610,16,1,1,1,Afternoon
145,168.0,23.0,611,17,1,1,1,Evening
99,97.0,2.0,612,18,1,1,1,Evening
73,89.0,16.0,613,19,1,1,2,Evening
84,77.2,6.799999999999997,614,20,1,1,2,Evening
42,93.0,51.0,615,21,1,1,2,Evening
22,31.2,9.2,616,22,1,1,1,Night
12,14.0,2.0,617,23,1,1,1,Night
15,218.8,203.8,618,0,0,1,1,Night
42,38.8,3.200000000000003,619,1,0,1,1,Night
129,64.2,64.8,620,2,0,1,1,Night
232,248.0,16.0,621,3,0,1,1,Night
388,303.2,84.80000000000001,622,4,0,1,1,Night
489,353.0,136.0,623,6,0,1,1,Morning
545,394.2,150.8,624,7,0,1,1,Morning
493,391.2,101.80000000000001,625,8,0,1,1,Morning
457,318.8,138.2,626,9,0,1,1,Morning
355,395.4,40.39999999999998,627,10,0,1,2,Morning
474,548.6,74.60000000000002,628,11,0,1,2,Morning
503,373.4,129.60000000000002,629,12,0,1,2,Afternoon
500,337.2,162.8,630,13,0,1,2,Afternoon
292,306.0,14.0,631,14,0,1,2,Afternoon
104,254.2,150.2,632,15,0,1,1,Afternoon
171,247.6,76.6,633,16,0,1,1,Afternoon
166,144.6,21.400000000000006,634,17,0,1,1,Evening
123,82.8,40.2,635,18,0,1,1,Evening
104,68.6,35.400000000000006,636,19,0,1,2,Evening
55,53.0,2.0,637,20,0,1,1,Evening
40,73.2,33.2,638,21,0,1,1,Evening
28,35.4,7.399999999999999,639,22,0,1,1,Night
11,69.4,58.400000000000006,640,23,0,1,1,Night
4,16.2,12.2,641,0,0,1,1,Night
15,58.2,43.2,642,1,0,1,1,Night
43,50.6,7.600000000000001,643,2,0,1,1,Night
127,134.0,7.0,644,3,0,1,1,Night
229,115.6,113.4,645,4,0,1,1,Night
359,134.0,225.0,646,5,0,1,1,Morning
459,134.0,325.0,647,7,0,1,1,Morning
543,257.4,285.6,648,8,0,1,2,Morning
566,339.6,226.39999999999998,649,9,0,1,2,Morning
512,362.6,149.39999999999998,650,10,0,1,2,Morning
449,362.2,86.80000000000001,651,11,0,1,1,Morning
500,373.8,126.19999999999999,652,12,0,1,1,Afternoon
498,201.2,296.8,653,13,0,1,1,Afternoon
482,359.2,122.80000000000001,654,14,0,1,1,Afternoon
374,308.6,65.39999999999998,655,15,0,1,1,Afternoon
261,267.0,6.0,656,16,0,1,1,Afternoon
184,234.0,50.0,657,17,0,1,1,Evening
121,106.4,14.599999999999994,658,18,0,1,1,Evening
70,42.8,27.200000000000003,659,19,0,1,1,Evening
29,60.2,31.200000000000003,660,20,0,1,2,Evening
24,16.2,7.800000000000001,661,21,0,1,2,Evening
5,12.0,7.0,662,22,0,1,2,Night
10,30.0,20.0,663,23,0,1,2,Night
8,25.2,17.2,664,0,1,1,2,Night
38,61.4,23.4,665,1,1,1,1,Night
172,157.4,14.599999999999994,666,2,1,1,1,Night
493,468.0,25.0,667,3,1,1,1,Night
632,644.6,12.600000000000023,668,4,1,1,1,Night
323,415.6,92.60000000000002,669,5,1,1,1,Morning
172,179.6,7.599999999999994,670,6,1,1,1,Morning
198,195.2,2.8000000000000114,671,7,1,1,2,Morning
287,318.4,31.399999999999977,672,8,1,1,2,Morning
275,241.4,33.599999999999994,673,9,1,1,2,Morning
274,227.4,46.599999999999994,674,10,1,1,2,Morning
292,261.6,30.399999999999977,675,11,1,1,2,Morning
458,346.4,111.60000000000002,676,12,1,1,2,Afternoon
856,794.4,61.60000000000002,677,13,1,1,2,Afternoon
839,700.4,138.60000000000002,678,14,1,1,2,Afternoon
552,496.4,55.60000000000002,679,15,1,1,2,Afternoon
385,417.4,32.39999999999998,680,16,1,1,2,Afternoon
268,302.4,34.39999999999998,681,17,1,1,2,Evening
179,229.8,50.80000000000001,682,18,1,1,2,Evening
95,173.6,78.6,683,19,1,1,1,Evening
37,54.8,17.799999999999997,684,20,1,1,3,Evening
13,22.4,9.399999999999999,685,21,1,1,3,Evening
9,18.8,9.8,686,22,1,1,2,Night
4,6.4,2.4000000000000004,687,23,1,1,2,Night
5,6.6,1.5999999999999996,688,0,1,1,2,Night
40,66.8,26.799999999999997,689,1,1,1,2,Night
210,180.6,29.400000000000006,690,2,1,1,2,Night
500,535.4,35.39999999999998,691,3,1,1,2,Night
725,599.0,126.0,692,5,1,1,3,Morning
290,302.2,12.199999999999989,693,6,1,1,3,Morning
235,201.8,33.19999999999999,694,7,1,1,3,Morning
217,200.2,16.80000000000001,695,8,1,1,3,Morning
266,232.4,33.599999999999994,696,9,1,1,2,Morning
234,185.6,48.400000000000006,697,10,1,1,2,Morning
211,231.8,20.80000000000001,698,11,1,1,2,Morning
245,204.8,40.19999999999999,699,12,1,1,2,Afternoon
430,331.4,98.60000000000002,700,13,1,1,2,Afternoon
863,610.8,252.20000000000005,701,14,1,1,2,Afternoon
839,478.4,360.6,702,15,1,1,2,Afternoon
662,579.8,82.20000000000005,703,16,1,1,2,Afternoon
412,364.6,47.39999999999998,704,17,1,1,2,Evening
296,257.4,38.60000000000002,705,18,1,1,2,Evening
219,232.6,13.599999999999994,706,19,1,1,2,Evening
150,121.4,28.599999999999994,707,20,1,1,2,Evening
65,45.0,20.0,708,21,1,1,2,Evening
18,40.8,22.799999999999997,709,22,1,1,2,Night
8,14.2,6.199999999999999,710,23,1,1,3,Night
9,8.6,0.40000000000000036,711,0,1,1,3,Night
8,5.6,2.4000000000000004,712,1,1,1,3,Night
38,61.0,23.0,713,2,1,1,3,Night
200,142.4,57.599999999999994,714,3,1,1,3,Night
482,376.6,105.39999999999998,715,4,1,1,3,Night
646,482.6,163.39999999999998,716,5,1,1,3,Morning
123,180.6,57.599999999999994,717,6,1,1,3,Morning
49,46.2,2.799999999999997,718,7,1,1,3,Morning
62,138.0,76.0,719,8,1,1,3,Morning
137,164.2,27.19999999999999,720,9,1,1,2,Morning
191,215.0,24.0,721,10,1,1,2,Morning
216,194.6,21.400000000000006,722,11,1,1,2,Morning
270,232.8,37.19999999999999,723,12,1,1,2,Afternoon
416,325.0,91.0,724,13,1,1,1,Afternoon
808,632.6,175.39999999999998,725,14,1,1,1,Afternoon
835,621.6,213.39999999999998,726,15,1,1,1,Afternoon
558,539.4,18.600000000000023,727,16,1,1,1,Afternoon
406,349.6,56.39999999999998,728,17,1,1,1,Evening
272,244.2,27.80000000000001,729,18,1,1,1,Evening
217,163.4,53.599999999999994,730,19,1,1,1,Evening
169,116.4,52.599999999999994,731,20,1,1,1,Evening
96,54.0,42.0,732,21,1,1,1,Evening
29,30.8,1.8000000000000007,733,22,1,1,1,Night
11,13.8,2.8000000000000007,734,23,1,1,1,Night
9,7.2,1.7999999999999998,735,0,1,1,1,Night
8,37.6,29.6,736,1,1,1,1,Night
40,30.4,9.600000000000001,737,2,1,1,1,Night
140,141.6,1.5999999999999943,738,3,1,1,1,Night
486,364.4,121.60000000000002,739,5,1,1,1,Morning
719,492.6,226.39999999999998,740,6,1,1,1,Morning
344,419.0,75.0,741,7,1,1,1,Morning
224,195.6,28.400000000000006,742,8,1,1,1,Morning
296,187.8,108.19999999999999,743,9,1,1,1,Morning
323,254.4,68.6,744,10,1,1,1,Morning
354,256.8,97.19999999999999,745,11,1,1,1,Morning
253,245.4,7.599999999999994,746,12,1,1,1,Afternoon
331,265.0,66.0,747,13,1,1,1,Afternoon
470,428.6,41.39999999999998,748,14,1,1,1,Afternoon
772,710.6,61.39999999999998,749,15,1,1,1,Afternoon
792,679.4,112.60000000000002,750,16,1,1,1,Afternoon
568,469.4,98.60000000000002,751,17,1,1,1,Evening
391,401.8,10.800000000000011,752,18,1,1,1,Evening
301,278.4,22.600000000000023,753,19,1,1,1,Evening
299,185.8,113.19999999999999,754,20,1,1,1,Evening
248,137.6,110.4,755,21,1,1,1,Evening
150,115.0,35.0,756,22,1,1,1,Night
117,63.2,53.8,757,23,1,1,1,Night
77,70.0,7.0,758,0,1,1,2,Night
43,52.4,9.399999999999999,759,1,1,1,2,Night
11,39.6,28.6,760,2,1,1,2,Night
15,77.6,62.599999999999994,761,3,1,1,2,Night
34,97.4,63.400000000000006,762,5,1,1,2,Morning
82,61.6,20.4,763,6,1,1,2,Morning
230,141.4,88.6,764,7,1,1,1,Morning
348,229.4,118.6,765,8,1,1,1,Morning
422,393.4,28.600000000000023,766,9,1,1,2,Morning
578,478.2,99.80000000000001,767,10,1,1,2,Morning
694,468.2,225.8,768,11,1,1,1,Morning
668,500.4,167.60000000000002,769,12,1,1,2,Afternoon
626,478.6,147.39999999999998,770,13,1,1,2,Afternoon
512,374.2,137.8,771,14,1,1,2,Afternoon
114,338.8,224.8,772,15,1,1,2,Afternoon
171,277.4,106.39999999999998,773,16,1,1,2,Afternoon
167,283.8,116.80000000000001,774,17,1,1,2,Evening
215,216.4,1.4000000000000057,775,18,1,1,2,Evening
194,194.4,0.4000000000000057,776,19,1,1,2,Evening
181,203.4,22.400000000000006,777,20,1,1,2,Evening
194,137.2,56.80000000000001,778,21,1,1,2,Evening
133,122.2,10.799999999999997,779,22,1,1,2,Night
124,110.4,13.599999999999994,780,23,1,1,2,Night
124,90.6,33.400000000000006,781,0,0,1,2,Night
96,78.0,18.0,782,1,0,1,2,Night
46,45.8,0.20000000000000284,783,2,0,1,2,Night
28,6.2,21.8,784,3,0,1,2,Night
55,15.2,39.8,785,4,0,1,3,Night
35,15.6,19.4,786,5,0,1,3,Morning
70,46.4,23.6,787,6,0,1,3,Morning
170,140.4,29.599999999999994,788,7,0,1,3,Morning
299,144.4,154.6,789,8,0,1,3,Morning
495,259.6,235.39999999999998,790,9,0,1,3,Morning
585,501.0,84.0,791,10,0,1,3,Morning
757,445.8,311.2,792,11,0,1,3,Morning
729,411.8,317.2,793,12,0,1,3,Afternoon
647,500.0,147.0,794,13,0,1,3,Afternoon
696,458.6,237.39999999999998,795,14,0,1,3,Afternoon
701,504.4,196.60000000000002,796,15,0,1,3,Afternoon
671,480.6,190.39999999999998,797,16,0,1,3,Afternoon
560,466.0,94.0,798,17,0,1,2,Evening
496,416.0,80.0,799,18,0,1,2,Evening
356,317.0,39.0,800,19,0,1,2,Evening
206,249.0,43.0,801,20,0,1,1,Evening
189,147.0,42.0,802,21,0,1,1,Evening
92,66.4,25.599999999999994,803,22,0,1,1,Night
41,52.6,11.600000000000001,804,23,0,1,1,Night
18,23.6,5.600000000000001,805,0,0,1,1,Night
17,9.2,7.800000000000001,806,1,0,1,1,Night
12,4.2,7.8,807,2,0,1,1,Night
5,4.4,0.5999999999999996,808,3,0,1,1,Night
40,49.0,9.0,809,4,0,1,1,Night
180,136.2,43.80000000000001,810,5,0,1,1,Morning
447,397.6,49.39999999999998,811,6,0,1,1,Morning
730,517.4,212.60000000000002,812,7,0,1,1,Morning
361,244.0,117.0,813,8,0,1,1,Morning
210,164.2,45.80000000000001,814,9,0,1,1,Morning
236,177.4,58.599999999999994,815,10,0,1,1,Morning
332,248.2,83.80000000000001,816,11,0,1,1,Morning
323,234.8,88.19999999999999,817,12,0,1,1,Afternoon
340,267.4,72.60000000000002,818,13,0,1,1,Afternoon
346,291.0,55.0,819,14,0,1,1,Afternoon
488,387.4,100.60000000000002,820,15,0,1,1,Afternoon
871,738.0,133.0,821,16,0,1,1,Afternoon
968,632.8,335.20000000000005,822,17,0,1,1,Evening
633,515.6,117.39999999999998,823,18,0,1,1,Evening
390,382.0,8.0,824,19,0,1,1,Evening
285,243.2,41.80000000000001,825,20,0,1,1,Evening
159,167.0,8.0,826,21,0,1,1,Evening
93,90.6,2.4000000000000057,827,22,0,1,1,Night
32,41.4,9.399999999999999,828,23,0,1,1,Night
10,12.8,2.8000000000000007,829,0,1,1,1,Night
6,9.0,3.0,830,1,1,1,1,Night
8,4.4,3.5999999999999996,831,2,1,1,1,Night
9,6.4,2.5999999999999996,832,3,1,1,1,Night
44,35.6,8.399999999999999,833,4,1,1,1,Night
211,145.6,65.4,834,5,1,1,1,Morning
596,383.8,212.2,835,6,1,1,1,Morning
750,577.6,172.39999999999998,836,7,1,1,1,Morning
358,340.0,18.0,837,8,1,1,2,Morning
196,173.0,23.0,838,9,1,1,1,Morning
247,205.8,41.19999999999999,839,10,1,1,1,Morning
316,260.8,55.19999999999999,840,11,1,1,1,Morning
328,267.6,60.39999999999998,841,12,1,1,2,Afternoon
255,331.8,76.80000000000001,842,13,1,1,2,Afternoon
326,282.8,43.19999999999999,843,14,1,1,2,Afternoon
536,398.6,137.39999999999998,844,15,1,1,2,Afternoon
970,813.4,156.60000000000002,845,16,1,1,2,Afternoon
877,644.8,232.20000000000005,846,17,1,1,2,Evening
596,497.2,98.80000000000001,847,18,1,1,2,Evening
461,371.6,89.39999999999998,848,19,1,1,2,Evening
310,269.4,40.60000000000002,849,20,1,1,2,Evening
216,170.2,45.80000000000001,850,21,1,1,1,Evening
109,110.0,1.0,851,22,1,1,1,Night
49,43.4,5.600000000000001,852,23,1,1,2,Night
21,19.8,1.1999999999999993,853,0,1,1,2,Night
11,8.6,2.4000000000000004,854,1,1,1,2,Night
7,8.0,1.0,855,2,1,1,2,Night
5,7.6,2.5999999999999996,856,3,1,1,3,Night
48,36.2,11.799999999999997,857,4,1,1,1,Night
205,165.2,39.80000000000001,858,5,1,1,1,Morning
557,405.4,151.60000000000002,859,6,1,1,1,Morning
770,438.8,331.2,860,7,1,1,1,Morning
328,234.0,94.0,861,8,1,1,1,Morning
205,140.8,64.19999999999999,862,9,1,1,1,Morning
232,204.4,27.599999999999994,863,10,1,1,1,Morning
352,277.6,74.39999999999998,864,11,1,1,1,Morning
323,261.6,61.39999999999998,865,12,1,1,1,Afternoon
278,214.2,63.80000000000001,866,13,1,1,2,Afternoon
318,247.2,70.80000000000001,867,14,1,1,1,Afternoon
509,358.6,150.39999999999998,868,15,1,1,1,Afternoon
925,770.6,154.39999999999998,869,16,1,1,1,Afternoon
977,705.6,271.4,870,17,1,1,1,Evening
635,599.0,36.0,871,18,1,1,1,Evening
470,443.6,26.399999999999977,872,19,1,1,1,Evening
306,335.2,29.19999999999999,873,20,1,1,1,Evening
212,238.6,26.599999999999994,874,21,1,1,1,Evening
127,114.2,12.799999999999997,875,22,1,1,1,Night
57,56.8,0.20000000000000284,876,23,1,1,1,Night
28,24.4,3.6000000000000014,877,0,1,1,1,Night
9,9.6,0.5999999999999996,878,1,1,1,1,Night
11,8.4,2.5999999999999996,879,2,1,1,1,Night
6,7.2,1.2000000000000002,880,3,1,1,1,Night
57,32.6,24.4,881,5,1,1,1,Morning
195,121.2,73.8,882,6,1,1,1,Morning
571,429.4,141.60000000000002,883,7,1,1,1,Morning
758,572.4,185.60000000000002,884,8,1,1,1,Morning
338,347.2,9.199999999999989,885,9,1,1,1,Morning
212,191.2,20.80000000000001,886,10,1,1,1,Morning
254,212.0,42.0,887,11,1,1,2,Morning
297,254.0,43.0,888,12,1,1,2,Afternoon
283,217.6,65.4,889,13,1,1,1,Afternoon
274,219.8,54.19999999999999,890,14,1,1,1,Afternoon
352,248.2,103.80000000000001,891,15,1,1,2,Afternoon
491,366.2,124.80000000000001,892,16,1,1,2,Afternoon
884,772.0,112.0,893,17,1,1,2,Evening
852,664.4,187.60000000000002,894,18,1,1,2,Evening
674,472.4,201.60000000000002,895,19,1,1,3,Evening
463,361.2,101.80000000000001,896,20,1,1,3,Evening
317,329.0,12.0,897,21,1,1,2,Evening
251,180.2,70.80000000000001,898,22,1,1,3,Night
170,75.8,94.2,899,23,1,1,3,Night
87,66.2,20.799999999999997,900,0,1,1,3,Night
41,31.4,9.600000000000001,901,1,1,1,3,Night
30,11.6,18.4,902,2,1,1,3,Night
14,6.2,7.8,903,4,1,1,2,Night
12,7.6,4.4,904,5,1,1,2,Morning
41,25.8,15.2,905,6,1,1,2,Morning
152,104.4,47.599999999999994,906,7,1,1,1,Morning
454,282.6,171.39999999999998,907,8,1,1,1,Morning
766,591.4,174.60000000000002,908,9,1,1,1,Morning
347,408.6,61.60000000000002,909,10,1,1,1,Morning
246,178.0,68.0,910,11,1,1,1,Morning
280,170.4,109.6,911,12,1,1,1,Afternoon
409,318.6,90.39999999999998,912,13,1,1,1,Afternoon
408,345.0,63.0,913,14,1,1,1,Afternoon
371,328.0,43.0,914,15,1,1,1,Afternoon
367,350.6,16.399999999999977,915,16,1,1,1,Afternoon
563,353.0,210.0,916,17,1,1,1,Evening
894,645.6,248.39999999999998,917,18,1,1,1,Evening
808,600.4,207.60000000000002,918,19,1,1,1,Evening
579,434.0,145.0,919,20,1,1,1,Evening
404,323.6,80.39999999999998,920,21,1,1,1,Evening
312,265.4,46.60000000000002,921,22,1,1,1,Night
229,183.2,45.80000000000001,922,23,1,1,1,Night
195,135.2,59.80000000000001,923,0,1,1,1,Night
207,141.8,65.19999999999999,924,1,1,1,1,Night
109,101.0,8.0,925,2,1,1,1,Night
93,76.0,17.0,926,5,1,1,1,Morning
37,30.0,7.0,927,6,1,1,1,Morning
6,44.4,38.4,928,7,1,1,1,Morning
16,172.6,156.6,929,8,1,1,1,Morning
33,192.6,159.6,930,9,1,1,1,Morning
73,49.2,23.799999999999997,931,10,1,1,1,Morning
212,314.8,102.80000000000001,932,11,1,1,1,Morning
342,240.2,101.80000000000001,933,12,1,1,1,Afternoon
442,378.0,64.0,934,13,1,1,1,Afternoon
627,431.8,195.2,935,14,1,1,1,Afternoon
706,539.2,166.79999999999995,936,15,1,1,1,Afternoon
704,527.6,176.39999999999998,937,16,1,1,1,Afternoon
715,503.6,211.39999999999998,938,17,1,1,1,Evening
654,504.4,149.60000000000002,939,18,1,1,1,Evening
783,509.4,273.6,940,19,1,1,1,Evening
729,543.8,185.20000000000005,941,20,1,1,1,Evening
614,512.0,102.0,942,21,1,1,1,Evening
478,420.0,58.0,943,22,1,1,1,Night
330,281.8,48.19999999999999,944,23,1,1,1,Night
296,268.8,27.19999999999999,945,0,0,1,1,Night
279,255.8,23.19999999999999,946,1,0,1,1,Night
229,204.4,24.599999999999994,947,2,0,1,1,Night
151,141.0,10.0,948,3,0,1,1,Night
117,112.8,4.200000000000003,949,4,0,1,1,Night
89,92.6,3.5999999999999943,950,5,0,1,1,Morning
48,41.6,6.399999999999999,951,6,0,1,1,Morning
8,14.4,6.4,952,7,0,1,1,Morning
13,14.2,1.1999999999999993,953,8,0,1,1,Morning
35,23.6,11.399999999999999,954,9,0,1,1,Morning
71,46.0,25.0,955,10,0,1,1,Morning
128,118.6,9.400000000000006,956,11,0,1,1,Morning
296,200.8,95.19999999999999,957,12,0,1,1,Afternoon
490,369.2,120.80000000000001,958,13,0,1,1,Afternoon
559,429.8,129.2,959,14,0,1,1,Afternoon
656,457.4,198.60000000000002,960,15,0,1,1,Afternoon
694,481.6,212.39999999999998,961,16,0,1,1,Afternoon
635,495.0,140.0,962,17,0,1,1,Evening
557,495.8,61.19999999999999,963,18,0,1,1,Evening
596,478.0,118.0,964,19,0,1,1,Evening
570,385.2,184.8,965,20,0,1,1,Evening
481,395.2,85.80000000000001,966,21,0,1,1,Evening
403,375.2,27.80000000000001,967,22,0,1,1,Night
324,314.4,9.600000000000023,968,23,0,1,1,Night
191,247.0,56.0,969,0,0,1,1,Night
127,142.0,15.0,970,1,0,1,1,Night
94,81.8,12.200000000000003,971,2,0,1,2,Night
45,45.2,0.20000000000000284,972,3,0,1,2,Night
21,17.8,3.1999999999999993,973,4,0,1,2,Night
13,6.4,6.6,974,6,0,1,2,Morning
7,6.0,1.0,975,7,0,1,2,Morning
11,6.2,4.8,976,8,0,1,2,Morning
45,37.4,7.600000000000001,977,9,0,1,2,Morning
164,103.8,60.2,978,10,0,1,1,Morning
492,393.6,98.39999999999998,979,11,0,1,1,Morning
683,519.8,163.20000000000005,980,12,0,1,1,Afternoon
299,242.8,56.19999999999999,981,13,0,1,1,Afternoon
202,147.4,54.599999999999994,982,14,0,1,2,Afternoon
252,196.2,55.80000000000001,983,15,0,1,2,Afternoon
295,236.2,58.80000000000001,984,16,0,1,2,Afternoon
343,240.2,102.80000000000001,985,17,0,1,1,Evening
332,211.8,120.19999999999999,986,18,0,1,1,Evening
338,247.6,90.4,987,19,0,1,1,Evening
453,257.0,196.0,988,20,0,1,1,Evening
842,558.8,283.20000000000005,989,21,0,1,1,Evening
774,531.2,242.79999999999995,990,22,0,1,1,Night
486,465.2,20.80000000000001,991,23,0,1,1,Night
340,285.8,54.19999999999999,992,0,1,1,1,Night
233,173.0,60.0,993,1,1,1,1,Night
129,91.6,37.400000000000006,994,2,1,1,1,Night
70,45.2,24.799999999999997,995,3,1,1,1,Night
13,16.6,3.6000000000000014,996,4,1,1,1,Night
5,19.6,14.600000000000001,997,5,1,1,1,Morning
4,17.4,13.399999999999999,998,6,1,1,1,Morning
6,18.8,12.8,999,7,1,1,1,Morning
7,21.0,14.0,1000,8,1,1,1,Morning
48,32.6,15.399999999999999,1001,9,1,1,1,Morning
167,126.0,41.0,1002,10,1,1,1,Morning
356,260.4,95.60000000000002,1003,11,1,1,1,Morning
672,343.0,329.0,1004,12,1,1,1,Afternoon
293,242.6,50.400000000000006,1005,13,1,1,1,Afternoon
160,232.2,72.19999999999999,1006,14,1,1,1,Afternoon
151,177.2,26.19999999999999,1007,15,1,1,1,Afternoon
88,77.2,10.799999999999997,1008,16,1,1,1,Afternoon
114,171.6,57.599999999999994,1009,17,1,1,1,Evening
143,63.0,80.0,1010,18,1,1,1,Evening
36,79.4,43.400000000000006,1011,19,1,1,1,Evening
141,76.4,64.6,1012,20,1,1,1,Evening
338,478.6,140.60000000000002,1013,21,1,1,1,Evening
281,462.4,181.39999999999998,1014,22,1,1,1,Night
324,361.0,37.0,1015,23,1,1,1,Night
290,178.6,111.4,1016,0,1,1,1,Night
207,200.8,6.199999999999989,1017,1,1,1,1,Night
151,49.8,101.2,1018,2,1,1,1,Night
78,54.4,23.6,1019,4,1,1,1,Night
26,27.2,1.1999999999999993,1020,5,1,1,1,Morning
12,40.0,28.0,1021,6,1,1,1,Morning
3,39.0,36.0,1022,7,1,1,1,Morning
5,35.6,30.6,1023,8,1,1,1,Morning
10,4.8,5.2,1024,9,1,1,1,Morning
56,37.8,18.200000000000003,1025,10,1,1,1,Morning
172,175.2,3.1999999999999886,1026,11,1,1,1,Morning
545,439.6,105.39999999999998,1027,12,1,1,1,Afternoon
797,593.8,203.20000000000005,1028,13,1,1,1,Afternoon
362,249.8,112.19999999999999,1029,14,1,1,1,Afternoon
192,187.6,4.400000000000006,1030,15,1,1,1,Afternoon
247,156.2,90.80000000000001,1031,16,1,1,1,Afternoon
313,258.2,54.80000000000001,1032,17,1,1,1,Evening
289,269.0,20.0,1033,18,1,1,1,Evening
286,214.8,71.19999999999999,1034,19,1,1,1,Evening
311,284.4,26.600000000000023,1035,20,1,1,1,Evening
466,398.0,68.0,1036,21,1,1,1,Evening
886,709.8,176.20000000000005,1037,22,1,1,1,Night
892,722.4,169.60000000000002,1038,23,1,1,2,Night
611,523.2,87.79999999999995,1039,0,1,1,1,Night
409,372.6,36.39999999999998,1040,1,1,1,1,Night
349,269.8,79.19999999999999,1041,3,1,1,2,Night
229,213.4,15.599999999999994,1042,4,1,1,1,Night
123,106.8,16.200000000000003,1043,5,1,1,1,Morning
58,47.2,10.799999999999997,1044,6,1,1,1,Morning
18,23.2,5.199999999999999,1045,7,1,1,2,Morning
11,11.8,0.8000000000000007,1046,8,1,1,2,Morning
6,8.0,2.0,1047,9,1,1,1,Morning
6,7.8,1.7999999999999998,1048,10,1,1,1,Morning
56,34.6,21.4,1049,11,1,1,1,Morning
170,138.4,31.599999999999994,1050,12,1,1,1,Afternoon
534,453.8,80.19999999999999,1051,13,1,1,1,Afternoon
790,566.2,223.79999999999995,1052,14,1,1,1,Afternoon
355,347.2,7.800000000000011,1053,15,1,1,1,Afternoon
190,155.2,34.80000000000001,1054,16,1,1,1,Afternoon
243,215.6,27.400000000000006,1055,17,1,1,1,Evening
290,265.8,24.19999999999999,1056,18,1,1,1,Evening
336,250.2,85.80000000000001,1057,19,1,1,1,Evening
298,230.0,68.0,1058,20,1,1,1,Evening
291,265.6,25.399999999999977,1059,21,1,1,1,Evening
457,376.2,80.80000000000001,1060,22,1,1,1,Night
976,737.2,238.79999999999995,1061,23,1,1,1,Night
900,699.4,200.60000000000002,1062,0,1,1,1,Night
603,515.2,87.79999999999995,1063,1,1,1,1,Night
417,364.8,52.19999999999999,1064,2,1,1,2,Night
274,319.0,45.0,1065,3,1,1,1,Night
287,76.4,210.6,1066,4,1,1,1,Night
154,113.0,41.0,1067,5,1,1,1,Morning
66,109.8,43.8,1068,6,1,1,1,Morning
49,75.6,26.599999999999994,1069,7,1,1,1,Morning
14,62.6,48.6,1070,8,1,1,1,Morning
12,41.6,29.6,1071,9,1,1,1,Morning
10,7.4,2.5999999999999996,1072,10,1,1,1,Morning
49,27.4,21.6,1073,11,1,1,2,Morning
165,128.2,36.80000000000001,1074,12,1,1,1,Afternoon
503,338.0,165.0,1075,13,1,1,1,Afternoon
757,497.4,259.6,1076,14,1,1,1,Afternoon
383,264.0,119.0,1077,15,1,1,1,Afternoon
225,153.4,71.6,1078,16,1,1,2,Afternoon
321,210.0,111.0,1079,17,1,1,2,Evening
389,253.2,135.8,1080,18,1,1,2,Evening
421,235.8,185.2,1081,19,1,1,1,Evening
412,253.6,158.4,1082,20,1,1,1,Evening
423,333.2,89.80000000000001,1083,21,1,1,1,Evening
567,349.0,218.0,1084,22,1,1,1,Night
846,650.0,196.0,1085,23,1,1,1,Night
805,519.0,286.0,1086,0,1,1,1,Night
588,408.8,179.2,1087,1,1,1,1,Night
369,329.0,40.0,1088,2,1,1,1,Night
312,234.2,77.80000000000001,1089,3,1,1,1,Night
295,155.4,139.6,1090,4,1,1,1,Night
186,129.2,56.80000000000001,1091,5,1,1,2,Morning
172,139.2,32.80000000000001,1092,6,1,1,2,Morning
124,92.6,31.400000000000006,1093,7,1,1,2,Morning
83,76.2,6.799999999999997,1094,8,1,1,2,Morning
45,30.2,14.8,1095,9,1,1,2,Morning
15,11.2,3.8000000000000007,1096,10,1,1,2,Morning
17,79.4,62.400000000000006,1097,11,1,1,1,Morning
41,27.0,14.0,1098,12,1,1,1,Afternoon
77,61.6,15.399999999999999,1099,13,1,1,1,Afternoon
218,141.4,76.6,1100,14,1,1,1,Afternoon
377,274.8,102.19999999999999,1101,15,1,1,1,Afternoon
474,409.0,65.0,1102,16,1,1,1,Afternoon
626,424.2,201.8,1103,17,1,1,1,Evening
688,459.4,228.60000000000002,1104,18,1,1,1,Evening
707,449.0,258.0,1105,19,1,1,1,Evening
654,468.6,185.39999999999998,1106,20,1,1,1,Evening
750,475.4,274.6,1107,21,1,1,1,Evening
680,472.8,207.2,1108,22,1,1,1,Night
646,466.4,179.60000000000002,1109,23,1,1,1,Night
598,412.8,185.2,1110,0,0,1,1,Night
407,327.0,80.0,1111,1,0,1,1,Night
325,349.2,24.19999999999999,1112,2,0,1,1,Night
261,296.6,35.60000000000002,1113,3,0,1,1,Night
239,217.0,22.0,1114,4,0,1,1,Night
171,202.2,31.19999999999999,1115,5,0,1,1,Morning
180,135.8,44.19999999999999,1116,6,0,1,1,Morning
142,86.4,55.599999999999994,1117,7,0,1,1,Morning
95,59.6,35.4,1118,8,0,1,1,Morning
54,49.8,4.200000000000003,1119,9,0,1,1,Morning
10,10.6,0.5999999999999996,1120,10,0,1,1,Morning
6,8.0,2.0,1121,11,0,1,1,Morning
16,16.8,0.8000000000000007,1122,12,0,1,1,Afternoon
57,53.0,4.0,1123,13,0,1,1,Afternoon
175,118.6,56.400000000000006,1124,14,0,1,1,Afternoon
276,165.4,110.6,1125,15,0,1,1,Afternoon
489,352.6,136.39999999999998,1126,16,0,1,1,Afternoon
570,485.0,85.0,1127,17,0,1,1,Evening
776,492.4,283.6,1128,18,0,1,1,Evening
702,576.4,125.60000000000002,1129,19,0,1,1,Evening
666,564.0,102.0,1130,20,0,1,1,Evening
640,455.4,184.60000000000002,1131,21,0,1,1,Evening
691,559.4,131.60000000000002,1132,22,0,1,1,Night
723,448.0,275.0,1133,23,0,1,1,Night
540,463.4,76.60000000000002,1134,0,0,1,1,Night
413,344.2,68.80000000000001,1135,1,0,1,1,Night
252,264.2,12.199999999999989,1136,2,0,1,1,Night
196,174.8,21.19999999999999,1137,3,0,1,1,Night
138,96.8,41.2,1138,4,0,1,1,Night
100,60.0,40.0,1139,6,0,1,1,Morning
64,31.6,32.4,1140,7,0,1,1,Morning
18,17.2,0.8000000000000007,1141,8,0,1,1,Morning
8,10.2,2.1999999999999993,1142,9,0,1,1,Morning
5,3.8,1.2000000000000002,1143,10,0,1,2,Morning
8,5.2,2.8,1144,11,0,1,2,Morning
37,28.0,9.0,1145,12,0,1,1,Afternoon
168,95.0,73.0,1146,13,0,1,1,Afternoon
530,365.2,164.8,1147,14,0,1,1,Afternoon
750,587.6,162.39999999999998,1148,15,0,1,1,Afternoon
328,282.6,45.39999999999998,1149,16,0,1,1,Afternoon
198,142.4,55.599999999999994,1150,17,0,1,1,Evening
238,153.8,84.19999999999999,1151,18,0,1,2,Evening
342,210.4,131.6,1152,19,0,1,2,Evening
328,251.4,76.6,1153,20,0,1,2,Evening
303,235.0,68.0,1154,21,0,1,2,Evening
300,224.8,75.19999999999999,1155,22,0,1,2,Night
516,327.8,188.2,1156,23,0,1,2,Night
898,601.0,297.0,1157,0,0,1,2,Night
853,554.2,298.79999999999995,1158,1,0,1,2,Night
590,429.8,160.2,1159,2,0,1,2,Night
432,263.2,168.8,1160,3,0,1,2,Night
256,231.4,24.599999999999994,1161,4,0,1,1,Night
172,131.0,41.0,1162,5,0,1,2,Morning
94,63.8,30.200000000000003,1163,6,0,1,2,Morning
64,31.6,32.4,1164,7,0,1,2,Morning
13,12.2,0.8000000000000007,1165,8,0,1,2,Morning
14,7.6,6.4,1166,9,0,1,2,Morning
5,4.2,0.7999999999999998,1167,10,0,1,2,Morning
9,4.6,4.4,1168,11,0,1,2,Morning
47,24.0,23.0,1169,12,0,1,2,Afternoon
194,125.8,68.2,1170,13,0,1,3,Afternoon
556,303.2,252.8,1171,14,0,1,2,Afternoon
805,499.2,305.8,1172,15,0,1,2,Afternoon
409,238.2,170.8,1173,16,0,1,3,Afternoon
170,146.6,23.400000000000006,1174,17,0,1,2,Evening
218,184.4,33.599999999999994,1175,18,0,1,2,Evening
302,214.8,87.19999999999999,1176,19,0,1,2,Evening
305,200.6,104.4,1177,20,0,1,3,Evening
293,205.2,87.80000000000001,1178,21,0,1,3,Evening
303,244.8,58.19999999999999,1179,22,0,1,3,Night
495,356.2,138.8,1180,23,0,1,3,Night
967,672.0,295.0,1181,6,1,1,2,Morning
822,736.6,85.39999999999998,1182,7,1,1,2,Morning
539,443.4,95.60000000000002,1183,8,1,1,2,Morning
425,340.8,84.19999999999999,1184,9,1,1,2,Morning
297,278.4,18.600000000000023,1185,10,1,1,1,Morning
188,202.6,14.599999999999994,1186,11,1,1,1,Morning
98,155.4,57.400000000000006,1187,12,1,1,1,Afternoon
40,36.4,3.6000000000000014,1188,13,1,1,1,Afternoon
29,14.6,14.4,1189,14,1,1,1,Afternoon
17,7.8,9.2,1190,15,1,1,1,Afternoon
10,5.2,4.8,1191,16,1,1,1,Afternoon
14,7.2,6.8,1192,17,1,1,1,Evening
36,35.8,0.20000000000000284,1193,18,1,1,1,Evening
182,151.8,30.19999999999999,1194,19,1,1,1,Evening
532,323.8,208.2,1195,20,1,1,1,Evening
838,425.2,412.8,1196,21,1,1,1,Evening
334,237.2,96.80000000000001,1197,22,1,1,1,Night
185,150.6,34.400000000000006,1198,23,1,1,1,Night
227,183.6,43.400000000000006,1199,0,1,1,1,Night
316,237.4,78.6,1200,1,1,1,1,Night
340,200.2,139.8,1201,2,1,1,1,Night
277,178.4,98.6,1202,3,1,1,1,Night
300,209.8,90.19999999999999,1203,5,1,1,1,Morning
468,321.8,146.2,1204,6,1,1,1,Morning
953,622.8,330.20000000000005,1205,7,1,1,1,Morning
884,759.8,124.20000000000005,1206,8,1,1,1,Morning
627,480.6,146.39999999999998,1207,9,1,1,1,Morning
434,413.4,20.600000000000023,1208,10,1,1,1,Morning
360,333.8,26.19999999999999,1209,11,1,1,1,Morning
215,125.8,89.2,1210,12,1,1,1,Afternoon
115,92.4,22.599999999999994,1211,13,1,1,1,Afternoon
65,61.4,3.6000000000000014,1212,14,1,1,1,Afternoon
21,28.4,7.399999999999999,1213,15,1,1,1,Afternoon
16,13.8,2.1999999999999993,1214,16,1,1,1,Afternoon
7,42.2,35.2,1215,17,1,1,1,Evening
8,13.0,5.0,1216,18,1,1,1,Evening
66,30.8,35.2,1217,19,1,1,1,Evening
169,149.4,19.599999999999994,1218,20,1,1,1,Evening
558,388.8,169.2,1219,21,1,1,1,Evening
794,542.8,251.20000000000005,1220,22,1,1,1,Night
335,329.0,6.0,1221,23,1,1,1,Night
208,118.6,89.4,1222,0,1,1,1,Night
294,205.2,88.80000000000001,1223,1,1,1,1,Night
335,241.6,93.4,1224,2,1,1,1,Night
326,267.4,58.60000000000002,1225,3,1,1,1,Night
258,282.2,24.19999999999999,1226,5,1,1,1,Morning
296,269.0,27.0,1227,6,1,1,1,Morning
472,312.2,159.8,1228,7,1,1,1,Morning
905,533.6,371.4,1229,8,1,1,1,Morning
899,506.4,392.6,1230,9,1,1,2,Morning
559,415.0,144.0,1231,10,1,1,2,Morning
457,302.0,155.0,1232,11,1,1,2,Morning
253,183.0,70.0,1233,12,1,1,2,Afternoon
47,102.0,55.0,1234,13,1,1,2,Afternoon
45,82.6,37.599999999999994,1235,14,1,1,2,Afternoon
17,37.0,20.0,1236,15,1,1,3,Afternoon
13,22.6,9.600000000000001,1237,16,1,1,3,Afternoon
10,7.6,2.4000000000000004,1238,17,1,1,3,Evening
7,13.8,6.800000000000001,1239,18,1,1,2,Evening
12,11.0,1.0,1240,19,1,1,3,Evening
38,26.6,11.399999999999999,1241,20,1,1,2,Evening
138,113.0,25.0,1242,21,1,1,2,Evening
394,308.0,86.0,1243,22,1,1,3,Night
705,455.6,249.39999999999998,1244,23,1,1,2,Night
426,303.6,122.39999999999998,1245,0,1,1,3,Night
245,200.2,44.80000000000001,1246,1,1,1,2,Night
361,227.2,133.8,1247,2,1,1,2,Night
380,303.4,76.60000000000002,1248,3,1,1,2,Night
410,243.2,166.8,1249,5,1,1,2,Morning
399,271.8,127.19999999999999,1250,6,1,1,3,Morning
392,275.4,116.60000000000002,1251,7,1,1,3,Morning
502,347.0,155.0,1252,8,1,1,3,Morning
808,666.6,141.39999999999998,1253,9,1,1,3,Morning
667,488.8,178.2,1254,10,1,1,3,Morning
508,525.2,17.200000000000045,1255,11,1,1,1,Morning
336,325.2,10.800000000000011,1256,12,1,1,3,Afternoon
237,225.0,12.0,1257,13,1,1,3,Afternoon
220,173.2,46.80000000000001,1258,14,1,1,3,Afternoon
190,101.4,88.6,1259,15,1,1,1,Afternoon
149,123.8,25.200000000000003,1260,16,1,1,1,Afternoon
101,71.8,29.200000000000003,1261,17,1,1,1,Evening
92,123.8,31.799999999999997,1262,18,1,1,1,Evening
29,103.2,74.2,1263,19,1,1,1,Evening
14,8.2,5.800000000000001,1264,20,1,1,1,Evening
15,12.0,3.0,1265,21,1,1,1,Evening
37,40.0,3.0,1266,22,1,1,1,Night
73,61.4,11.600000000000001,1267,23,1,1,1,Night
211,178.2,32.80000000000001,1268,0,0,1,1,Night
332,277.8,54.19999999999999,1269,1,0,1,1,Night
472,426.8,45.19999999999999,1270,2,0,1,1,Night
663,479.4,183.60000000000002,1271,3,0,1,1,Night
682,615.2,66.79999999999995,1272,4,0,1,2,Night
686,607.0,79.0,1273,5,0,1,2,Morning
750,591.2,158.79999999999995,1274,6,0,1,1,Morning
727,568.4,158.60000000000002,1275,7,0,1,1,Morning
722,486.8,235.2,1276,8,0,1,2,Morning
712,408.4,303.6,1277,9,0,1,2,Morning
594,294.4,299.6,1278,10,0,1,2,Morning
470,229.0,241.0,1279,11,0,1,1,Morning
315,188.8,126.19999999999999,1280,12,0,1,2,Afternoon
292,213.8,78.19999999999999,1281,13,0,1,2,Afternoon
221,201.0,20.0,1282,14,0,1,2,Afternoon
196,167.0,29.0,1283,15,0,1,2,Afternoon
147,128.4,18.599999999999994,1284,16,0,1,1,Afternoon
116,99.6,16.400000000000006,1285,17,0,1,1,Evening
92,76.6,15.400000000000006,1286,18,0,1,1,Evening
58,44.4,13.600000000000001,1287,19,0,1,1,Evening
7,12.0,5.0,1288,20,0,1,1,Evening
10,8.8,1.1999999999999993,1289,21,0,1,1,Evening
22,19.2,2.8000000000000007,1290,22,0,1,1,Night
57,37.0,20.0,1291,23,0,1,1,Night
144,134.6,9.400000000000006,1292,0,0,1,1,Night
285,214.0,71.0,1293,1,0,1,1,Night
479,377.4,101.60000000000002,1294,2,0,1,1,Night
591,485.0,106.0,1295,3,0,1,1,Night
680,586.2,93.79999999999995,1296,4,0,1,1,Night
594,602.8,8.799999999999955,1297,6,0,1,1,Morning
612,522.0,90.0,1298,7,0,1,1,Morning
649,418.0,231.0,1299,8,0,1,1,Morning
648,521.2,126.79999999999995,1300,9,0,1,1,Morning
575,536.6,38.39999999999998,1301,10,0,1,1,Morning
401,254.6,146.4,1302,11,0,1,1,Morning
257,277.0,20.0,1303,12,0,1,1,Afternoon
194,174.0,20.0,1304,13,0,1,1,Afternoon
123,148.2,25.19999999999999,1305,14,0,1,1,Afternoon
91,90.8,0.20000000000000284,1306,15,0,1,1,Afternoon
57,77.0,20.0,1307,16,0,1,1,Afternoon
45,37.0,8.0,1308,17,0,1,1,Evening
18,23.4,5.399999999999999,1309,18,0,1,1,Evening
12,30.6,18.6,1310,19,0,1,1,Evening
7,30.6,23.6,1311,20,0,1,1,Evening
10,5.8,4.2,1312,21,0,1,1,Evening
36,29.6,6.399999999999999,1313,22,0,1,2,Night
155,105.6,49.400000000000006,1314,23,0,1,2,Night
483,327.6,155.39999999999998,1315,0,1,1,2,Night
784,298.0,486.0,1316,1,1,1,3,Night
340,206.4,133.6,1317,3,1,1,3,Night
179,141.0,38.0,1318,5,1,1,2,Morning
272,160.6,111.4,1319,6,1,1,2,Morning
323,230.6,92.4,1320,7,1,1,2,Morning
305,204.8,100.19999999999999,1321,8,1,1,2,Morning
244,188.4,55.599999999999994,1322,9,1,1,1,Morning
329,231.2,97.80000000000001,1323,10,1,1,2,Morning
459,280.8,178.2,1324,11,1,1,2,Morning
856,485.6,370.4,1325,12,1,1,2,Afternoon
613,415.0,198.0,1326,13,1,1,3,Afternoon
516,309.4,206.60000000000002,1327,14,1,1,3,Afternoon
262,175.8,86.19999999999999,1328,15,1,1,3,Afternoon
218,162.4,55.599999999999994,1329,16,1,1,3,Afternoon
207,79.0,128.0,1330,17,1,1,3,Evening
105,66.6,38.400000000000006,1331,18,1,1,3,Evening
31,25.6,5.399999999999999,1332,19,1,1,3,Evening
11,39.0,28.0,1333,20,1,1,3,Evening
2,32.8,30.799999999999997,1334,21,1,1,2,Evening
5,45.6,40.6,1335,22,1,1,3,Night
10,5.6,4.4,1336,23,1,1,2,Night
43,43.6,0.6000000000000014,1337,0,1,1,1,Night
179,97.8,81.2,1338,1,1,1,1,Night
260,251.2,8.800000000000011,1339,2,1,1,1,Night
134,386.2,252.2,1340,3,1,1,1,Night
86,189.0,103.0,1341,4,1,1,1,Night
45,105.4,60.400000000000006,1342,5,1,1,1,Morning
99,88.6,10.400000000000006,1343,6,1,1,1,Morning
104,203.6,99.6,1344,7,1,1,1,Morning
154,154.4,0.4000000000000057,1345,8,1,1,1,Morning
163,96.2,66.8,1346,9,1,1,1,Morning
209,143.2,65.80000000000001,1347,10,1,1,1,Morning
374,239.4,134.6,1348,11,1,1,1,Morning
715,336.0,379.0,1349,12,1,1,1,Afternoon
687,313.8,373.2,1350,13,1,1,1,Afternoon
395,197.0,198.0,1351,14,1,1,1,Afternoon
306,163.2,142.8,1352,15,1,1,1,Afternoon
289,131.8,157.2,1353,16,1,1,1,Afternoon
240,71.0,169.0,1354,17,1,1,1,Evening
98,43.4,54.6,1355,18,1,1,1,Evening
52,33.6,18.4,1356,19,1,1,1,Evening
19,26.0,7.0,1357,20,1,1,1,Evening
9,45.2,36.2,1358,21,1,1,1,Evening
7,44.2,37.2,1359,22,1,1,1,Night
11,45.2,34.2,1360,23,1,1,1,Night
34,20.8,13.2,1361,0,1,1,1,Night
177,120.6,56.400000000000006,1362,1,1,1,1,Night
515,374.8,140.2,1363,2,1,1,1,Night
809,510.8,298.2,1364,3,1,1,1,Night
362,248.6,113.4,1365,4,1,1,1,Night
175,204.2,29.19999999999999,1366,5,1,1,1,Morning
230,202.6,27.400000000000006,1367,6,1,1,1,Morning
358,222.6,135.4,1368,7,1,1,1,Morning
279,184.4,94.6,1369,8,1,1,1,Morning
251,204.2,46.80000000000001,1370,9,1,1,1,Morning
319,229.4,89.6,1371,10,1,1,1,Morning
478,291.8,186.2,1372,11,1,1,1,Morning
917,637.4,279.6,1373,12,1,1,1,Afternoon
810,585.0,225.0,1374,13,1,1,1,Afternoon
593,379.6,213.39999999999998,1375,14,1,1,1,Afternoon
497,305.8,191.2,1376,15,1,1,1,Afternoon
209,178.8,30.19999999999999,1377,16,1,1,1,Afternoon
241,170.0,71.0,1378,17,1,1,1,Evening
220,57.8,162.2,1379,18,1,1,1,Evening
76,11.4,64.6,1380,19,1,1,1,Evening
25,9.0,16.0,1381,20,1,1,1,Evening
13,9.0,4.0,1382,21,1,1,1,Evening
11,5.8,5.2,1383,22,1,1,1,Night
10,8.4,1.5999999999999996,1384,23,1,1,1,Night
39,41.0,2.0,1385,0,1,1,1,Night
133,46.8,86.2,1386,1,1,1,1,Night
391,240.8,150.2,1387,2,1,1,1,Night
738,447.4,290.6,1388,3,1,1,1,Night
359,216.4,142.6,1389,4,1,1,1,Night
177,76.2,100.8,1390,5,1,1,1,Morning
214,110.6,103.4,1391,6,1,1,1,Morning
288,227.6,60.400000000000006,1392,7,1,1,1,Morning
294,179.4,114.6,1393,8,1,1,1,Morning
267,210.8,56.19999999999999,1394,9,1,1,1,Morning
325,236.4,88.6,1395,10,1,1,1,Morning
497,324.6,172.39999999999998,1396,11,1,1,1,Morning
901,723.8,177.20000000000005,1397,12,1,1,1,Afternoon
887,620.6,266.4,1398,13,1,1,1,Afternoon
534,388.0,146.0,1399,14,1,1,1,Afternoon
441,272.2,168.8,1400,15,1,1,1,Afternoon
321,201.6,119.4,1401,16,1,1,1,Afternoon
232,267.0,35.0,1402,17,1,1,1,Evening
155,160.6,5.599999999999994,1403,18,1,1,1,Evening
102,96.6,5.400000000000006,1404,19,1,1,1,Evening
46,30.0,16.0,1405,20,1,1,1,Evening
11,13.4,2.4000000000000004,1406,21,1,1,1,Evening
16,62.6,46.6,1407,22,1,1,1,Night
11,60.4,49.4,1408,23,1,1,2,Night
41,109.4,68.4,1409,0,1,1,2,Night
137,91.8,45.2,1410,1,1,1,2,Night
428,326.4,101.60000000000002,1411,2,1,1,2,Night
785,446.6,338.4,1412,3,1,1,2,Night
384,330.0,54.0,1413,4,1,1,2,Night
260,191.2,68.80000000000001,1414,5,1,1,2,Morning
304,226.0,78.0,1415,6,1,1,2,Morning
468,319.2,148.8,1416,7,1,1,1,Morning
424,297.0,127.0,1417,8,1,1,1,Morning
400,262.8,137.2,1418,9,1,1,1,Morning
470,326.0,144.0,1419,10,1,1,1,Morning
634,297.0,337.0,1420,11,1,1,1,Morning
900,670.0,230.0,1421,12,1,1,1,Afternoon
761,588.8,172.20000000000005,1422,13,1,1,1,Afternoon
500,366.8,133.2,1423,14,1,1,1,Afternoon
372,218.2,153.8,1424,15,1,1,1,Afternoon
267,193.2,73.80000000000001,1425,16,1,1,1,Afternoon
264,186.4,77.6,1426,17,1,1,2,Evening
171,112.4,58.599999999999994,1427,18,1,1,2,Evening
191,109.8,81.2,1428,19,1,1,1,Evening
141,74.2,66.8,1429,20,1,1,2,Evening
75,60.2,14.799999999999997,1430,21,1,1,2,Evening
56,26.0,30.0,1431,22,1,1,1,Night
11,19.2,8.2,1432,23,1,1,2,Night
10,7.6,2.4000000000000004,1433,0,0,1,2,Night
30,34.0,4.0,1434,1,0,1,2,Night
84,51.4,32.6,1435,2,0,1,2,Night
206,171.6,34.400000000000006,1436,3,0,1,2,Night
395,271.0,124.0,1437,4,0,1,2,Night
539,467.6,71.39999999999998,1438,5,0,1,2,Morning
647,510.8,136.2,1439,6,0,1,2,Morning
743,479.4,263.6,1440,7,0,1,2,Morning
710,447.8,262.2,1441,8,0,1,2,Morning
576,410.4,165.60000000000002,1442,9,0,1,2,Morning
620,419.6,200.39999999999998,1443,10,0,1,2,Morning
659,428.4,230.60000000000002,1444,11,0,1,2,Morning
610,408.6,201.39999999999998,1445,12,0,1,2,Afternoon
495,389.4,105.60000000000002,1446,13,0,1,2,Afternoon
341,237.0,104.0,1447,14,0,1,2,Afternoon
247,184.0,63.0,1448,15,0,1,2,Afternoon
215,241.4,26.400000000000006,1449,16,0,1,2,Afternoon
185,97.0,88.0,1450,17,0,1,2,Evening
179,73.6,105.4,1451,18,0,1,2,Evening
127,87.4,39.599999999999994,1452,19,0,1,2,Evening
109,63.2,45.8,1453,20,0,1,2,Evening
74,54.0,20.0,1454,21,0,1,2,Evening
22,36.6,14.600000000000001,1455,22,0,1,2,Night
11,10.6,0.40000000000000036,1456,23,0,1,2,Night
10,62.4,52.4,1457,0,0,1,2,Night
23,124.6,101.6,1458,1,0,1,2,Night
35,43.8,8.799999999999997,1459,2,0,1,2,Night
62,70.0,8.0,1460,3,0,1,2,Night
86,147.8,61.80000000000001,1461,4,0,1,2,Night
185,273.0,88.0,1462,6,0,1,2,Morning
336,328.8,7.199999999999989,1463,7,0,1,3,Morning
392,406.4,14.399999999999977,1464,8,0,1,2,Morning
320,400.8,80.80000000000001,1465,9,0,1,2,Morning
314,354.6,40.60000000000002,1466,10,0,1,2,Morning
306,266.0,40.0,1467,11,0,1,2,Morning
333,222.0,111.0,1468,12,0,1,2,Afternoon
157,209.8,52.80000000000001,1469,13,0,1,2,Afternoon
106,174.2,68.19999999999999,1470,14,0,1,3,Afternoon
114,162.4,48.400000000000006,1471,15,0,1,3,Afternoon
116,135.2,19.19999999999999,1472,16,0,1,3,Afternoon
113,102.2,10.799999999999997,1473,17,0,1,3,Evening
79,60.8,18.200000000000003,1474,18,0,1,3,Evening
80,55.8,24.200000000000003,1475,19,0,1,3,Evening
51,51.2,0.20000000000000284,1476,20,0,1,3,Evening
37,14.4,22.6,1477,21,0,1,3,Evening
15,20.0,5.0,1478,22,0,1,2,Night
10,14.8,4.800000000000001,1479,23,0,1,2,Night
7,15.6,8.6,1480,0,1,1,3,Night
19,64.2,45.2,1481,1,1,1,3,Night
59,63.6,4.600000000000001,1482,3,1,1,1,Night
154,127.6,26.400000000000006,1483,4,1,1,1,Night
397,183.4,213.6,1484,5,1,1,1,Morning
332,247.8,84.19999999999999,1485,6,1,1,1,Morning
298,191.0,107.0,1486,7,1,1,1,Morning
308,197.6,110.4,1487,8,1,1,1,Morning
341,229.2,111.80000000000001,1488,9,1,1,1,Morning
405,288.6,116.39999999999998,1489,10,1,1,1,Morning
420,284.8,135.2,1490,11,1,1,1,Morning
370,254.0,116.0,1491,12,1,1,1,Afternoon
377,261.8,115.19999999999999,1492,13,1,1,1,Afternoon
497,262.6,234.39999999999998,1493,14,1,1,1,Afternoon
456,208.2,247.8,1494,15,1,1,1,Afternoon
371,171.0,200.0,1495,16,1,1,1,Afternoon
227,100.4,126.6,1496,17,1,1,1,Evening
151,168.2,17.19999999999999,1497,18,1,1,1,Evening
107,65.4,41.599999999999994,1498,19,1,1,1,Evening
69,43.4,25.6,1499,20,1,1,1,Evening
31,25.0,6.0,1500,21,1,1,1,Evening
13,10.6,2.4000000000000004,1501,22,1,1,1,Night
7,11.0,4.0,1502,23,1,1,1,Night
3,4.2,1.2000000000000002,1503,0,1,1,1,Night
7,6.0,1.0,1504,1,1,1,1,Night
19,23.4,4.399999999999999,1505,2,1,1,1,Night
143,99.4,43.599999999999994,1506,3,1,1,1,Night
362,323.6,38.39999999999998,1507,4,1,1,1,Night
713,475.6,237.39999999999998,1508,5,1,1,1,Morning
382,223.0,159.0,1509,6,1,1,1,Morning
164,132.8,31.19999999999999,1510,7,1,1,1,Morning
193,136.0,57.0,1511,8,1,1,1,Morning
260,194.0,66.0,1512,9,1,1,1,Morning
238,212.0,26.0,1513,10,1,1,2,Morning
244,196.8,47.19999999999999,1514,11,1,1,2,Morning
254,209.4,44.599999999999994,1515,12,1,1,2,Afternoon
424,237.2,186.8,1516,13,1,1,2,Afternoon
806,525.8,280.20000000000005,1517,14,1,1,2,Afternoon
784,485.2,298.8,1518,15,1,1,2,Afternoon
514,371.4,142.60000000000002,1519,16,1,1,1,Afternoon
360,233.2,126.80000000000001,1520,17,1,1,1,Evening
225,183.2,41.80000000000001,1521,18,1,1,1,Evening
162,132.2,29.80000000000001,1522,19,1,1,1,Evening
84,71.8,12.200000000000003,1523,20,1,1,1,Evening
33,59.2,26.200000000000003,1524,21,1,1,1,Evening
8,48.8,40.8,1525,22,1,1,1,Night
8,45.4,37.4,1526,23,1,1,1,Night
6,44.8,38.8,1527,0,1,1,1,Night
6,44.6,38.6,1528,1,1,1,1,Night
40,24.6,15.399999999999999,1529,2,1,1,1,Night
175,96.0,79.0,1530,3,1,1,1,Night
507,324.6,182.39999999999998,1531,4,1,1,1,Night
839,393.2,445.8,1532,5,1,1,2,Morning
366,215.4,150.6,1533,6,1,1,2,Morning
217,143.4,73.6,1534,7,1,1,2,Morning
291,157.8,133.2,1535,8,1,1,2,Morning
390,195.2,194.8,1536,9,1,1,2,Morning
297,214.4,82.6,1537,10,1,1,2,Morning
271,203.8,67.19999999999999,1538,11,1,1,2,Morning
319,211.8,107.19999999999999,1539,12,1,1,2,Afternoon
566,263.6,302.4,1540,13,1,1,2,Afternoon
948,606.0,342.0,1541,14,1,1,2,Afternoon
844,487.6,356.4,1542,15,1,1,2,Afternoon
566,254.6,311.4,1543,16,1,1,2,Afternoon
392,267.6,124.39999999999998,1544,17,1,1,2,Evening
269,237.6,31.400000000000006,1545,18,1,1,2,Evening
197,89.0,108.0,1546,19,1,1,2,Evening
136,75.6,60.400000000000006,1547,20,1,1,2,Evening
42,32.6,9.399999999999999,1548,21,1,1,2,Evening
11,34.2,23.200000000000003,1549,22,1,1,3,Night
11,28.6,17.6,1550,23,1,1,3,Night
3,46.6,43.6,1551,0,1,1,3,Night
10,45.8,35.8,1552,1,1,1,3,Night
42,42.4,0.3999999999999986,1553,2,1,1,3,Night
159,82.2,76.8,1554,5,1,1,3,Morning
478,282.2,195.8,1555,6,1,1,3,Morning
798,593.6,204.39999999999998,1556,7,1,1,3,Morning
355,305.8,49.19999999999999,1557,8,1,1,3,Morning
204,167.4,36.599999999999994,1558,9,1,1,3,Morning
251,150.4,100.6,1559,10,1,1,3,Morning
326,232.4,93.6,1560,11,1,1,3,Morning
291,220.0,71.0,1561,12,1,1,3,Afternoon
348,223.6,124.4,1562,13,1,1,3,Afternoon
460,230.0,230.0,1563,14,1,1,3,Afternoon
481,284.8,196.2,1564,15,1,1,3,Afternoon
827,532.6,294.4,1565,16,1,1,3,Afternoon
692,568.8,123.20000000000005,1566,17,1,1,2,Evening
743,349.2,393.8,1567,18,1,1,3,Evening
415,223.2,191.8,1568,19,1,1,3,Evening
260,175.6,84.4,1569,20,1,1,3,Evening
177,64.0,113.0,1570,21,1,1,3,Evening
186,112.8,73.2,1571,22,1,1,2,Night
68,37.2,30.799999999999997,1572,23,1,1,3,Night
37,23.0,14.0,1573,0,1,1,2,Night
16,11.0,5.0,1574,1,1,1,3,Night
6,5.8,0.20000000000000018,1575,2,1,1,3,Night
8,6.4,1.5999999999999996,1576,3,1,1,2,Night
35,28.2,6.800000000000001,1577,5,1,1,1,Morning
143,93.6,49.400000000000006,1578,6,1,1,1,Morning
392,326.4,65.60000000000002,1579,7,1,1,1,Morning
745,436.6,308.4,1580,8,1,1,1,Morning
400,264.6,135.39999999999998,1581,9,1,1,2,Morning
275,168.4,106.6,1582,10,1,1,2,Morning
313,206.8,106.19999999999999,1583,11,1,1,2,Morning
387,258.8,128.2,1584,12,1,1,2,Afternoon
381,245.8,135.2,1585,13,1,1,1,Afternoon
371,239.6,131.4,1586,14,1,1,2,Afternoon
455,249.4,205.6,1587,15,1,1,2,Afternoon
520,247.2,272.8,1588,16,1,1,2,Afternoon
837,448.0,389.0,1589,17,1,1,1,Evening
642,372.8,269.2,1590,18,1,1,1,Evening
493,298.0,195.0,1591,19,1,1,1,Evening
308,175.2,132.8,1592,20,1,1,1,Evening
190,161.2,28.80000000000001,1593,21,1,1,2,Evening
160,131.4,28.599999999999994,1594,22,1,1,1,Night
100,73.8,26.200000000000003,1595,23,1,1,1,Night
249,79.0,170.0,1596,0,0,1,1,Night
146,63.2,82.8,1597,1,0,1,1,Night
67,50.4,16.6,1598,2,0,1,1,Night
15,34.0,19.0,1599,3,0,1,1,Night
11,9.0,2.0,1600,4,0,1,1,Night
11,5.4,5.6,1601,5,0,1,1,Morning
28,18.2,9.8,1602,6,0,1,1,Morning
70,45.6,24.4,1603,7,0,1,1,Morning
174,134.8,39.19999999999999,1604,8,0,1,1,Morning
266,163.8,102.19999999999999,1605,9,0,1,1,Morning
347,242.2,104.80000000000001,1606,10,0,1,1,Morning
527,334.4,192.60000000000002,1607,11,0,1,1,Morning
573,355.6,217.39999999999998,1608,12,0,1,1,Afternoon
670,397.4,272.6,1609,13,0,1,1,Afternoon
597,359.0,238.0,1610,14,0,1,1,Afternoon
615,364.2,250.8,1611,15,0,1,1,Afternoon
637,365.2,271.8,1612,16,0,1,1,Afternoon
528,352.0,176.0,1613,17,0,1,1,Evening
473,296.6,176.39999999999998,1614,18,0,1,1,Evening
332,215.6,116.4,1615,19,0,1,1,Evening
255,247.0,8.0,1616,20,0,1,1,Evening
204,198.8,5.199999999999989,1617,21,0,1,1,Evening
189,94.4,94.6,1618,22,0,1,1,Night
125,78.0,47.0,1619,23,0,1,1,Night
111,84.2,26.799999999999997,1620,0,0,1,1,Night
112,51.6,60.4,1621,1,0,1,1,Night
66,57.8,8.200000000000003,1622,3,0,1,1,Night
28,31.2,3.1999999999999993,1623,4,0,1,1,Night
12,17.0,5.0,1624,5,0,1,1,Morning
11,11.0,0.0,1625,6,0,1,1,Morning
24,13.4,10.6,1626,7,0,1,1,Morning
51,90.8,39.8,1627,8,0,1,1,Morning
132,141.4,9.400000000000006,1628,9,0,1,1,Morning
223,207.2,15.800000000000011,1629,10,0,1,1,Morning
428,322.4,105.60000000000002,1630,11,0,1,1,Morning
494,384.0,110.0,1631,12,0,1,1,Afternoon
562,527.6,34.39999999999998,1632,13,0,1,1,Afternoon
619,434.4,184.60000000000002,1633,14,0,1,1,Afternoon
617,439.2,177.8,1634,15,0,1,1,Afternoon
568,474.2,93.80000000000001,1635,16,0,1,1,Afternoon
581,448.2,132.8,1636,17,0,1,1,Evening
539,468.4,70.60000000000002,1637,18,0,1,1,Evening
453,348.4,104.60000000000002,1638,19,0,1,1,Evening
336,277.2,58.80000000000001,1639,20,0,1,1,Evening
246,179.6,66.4,1640,21,0,1,1,Evening
196,214.8,18.80000000000001,1641,22,0,1,1,Night
125,93.8,31.200000000000003,1642,23,0,1,1,Night
105,45.2,59.8,1643,0,1,1,1,Night
48,34.6,13.399999999999999,1644,1,1,1,1,Night
29,14.8,14.2,1645,2,1,1,1,Night
6,13.0,7.0,1646,3,1,1,1,Night
4,3.0,1.0,1647,5,1,1,1,Morning
10,44.6,34.6,1648,6,1,1,1,Morning
40,45.4,5.399999999999999,1649,7,1,1,2,Morning
147,127.4,19.599999999999994,1650,8,1,1,2,Morning
476,284.2,191.8,1651,9,1,1,1,Morning
737,375.0,362.0,1652,10,1,1,1,Morning
359,181.2,177.8,1653,11,1,1,1,Morning
168,128.2,39.80000000000001,1654,12,1,1,1,Afternoon
263,143.6,119.4,1655,13,1,1,1,Afternoon
284,109.8,174.2,1656,14,1,1,2,Afternoon
146,143.2,2.8000000000000114,1657,15,1,1,1,Afternoon
185,185.8,0.8000000000000114,1658,16,1,1,1,Afternoon
260,207.2,52.80000000000001,1659,17,1,1,1,Evening
447,280.2,166.8,1660,18,1,1,1,Evening
766,550.2,215.79999999999995,1661,19,1,1,1,Evening
592,306.0,286.0,1662,20,1,1,1,Evening
239,259.6,20.600000000000023,1663,21,1,1,1,Evening
256,241.4,14.599999999999994,1664,22,1,1,1,Night
206,203.2,2.8000000000000114,1665,23,1,1,1,Night
126,111.0,15.0,1666,0,1,1,1,Night
81,73.2,7.799999999999997,1667,1,1,1,1,Night
48,54.6,6.600000000000001,1668,2,1,1,1,Night
13,48.2,35.2,1669,4,1,1,1,Night
3,25.0,22.0,1670,5,1,1,1,Morning
2,23.2,21.2,1671,6,1,1,1,Morning
7,56.4,49.4,1672,7,1,1,1,Morning
52,44.4,7.600000000000001,1673,8,1,1,1,Morning
172,111.2,60.8,1674,9,1,1,2,Morning
525,327.8,197.2,1675,10,1,1,2,Morning
835,479.0,356.0,1676,11,1,1,2,Morning
355,231.2,123.80000000000001,1677,12,1,1,2,Afternoon
222,141.2,80.80000000000001,1678,13,1,1,2,Afternoon
228,151.6,76.4,1679,14,1,1,2,Afternoon
325,229.8,95.19999999999999,1680,15,1,1,2,Afternoon
328,192.0,136.0,1681,16,1,1,2,Afternoon
308,203.2,104.80000000000001,1682,17,1,1,2,Evening
346,206.4,139.6,1683,18,1,1,2,Evening
446,280.0,166.0,1684,19,1,1,2,Evening
943,547.2,395.79999999999995,1685,20,1,1,2,Evening
838,543.0,295.0,1686,21,1,1,3,Evening
531,347.6,183.39999999999998,1687,22,1,1,2,Night
432,205.6,226.4,1688,23,1,1,2,Night
195,177.4,17.599999999999994,1689,0,1,1,3,Night
181,83.8,97.2,1690,1,1,1,3,Night
199,67.6,131.4,1691,3,1,1,2,Night
49,22.4,26.6,1692,4,1,1,2,Night
17,12.8,4.199999999999999,1693,5,1,1,2,Morning
16,4.6,11.4,1694,6,1,1,2,Morning
7,6.2,0.7999999999999998,1695,7,1,1,2,Morning
4,6.0,2.0,1696,8,1,1,2,Morning
41,24.0,17.0,1697,9,1,1,2,Morning
178,113.2,64.8,1698,10,1,1,2,Morning
464,300.6,163.39999999999998,1699,11,1,1,2,Morning
817,471.8,345.2,1700,12,1,1,2,Afternoon
382,251.8,130.2,1701,13,1,1,2,Afternoon
228,129.2,98.80000000000001,1702,14,1,1,2,Afternoon
234,156.2,77.80000000000001,1703,15,1,1,2,Afternoon
332,221.6,110.4,1704,16,1,1,2,Afternoon
310,174.0,136.0,1705,17,1,1,2,Evening
270,203.4,66.6,1706,18,1,1,2,Evening
301,236.4,64.6,1707,19,1,1,2,Evening
466,299.6,166.39999999999998,1708,20,1,1,2,Evening
888,527.6,360.4,1709,21,1,1,2,Evening
884,474.2,409.8,1710,22,1,1,2,Night
516,402.8,113.19999999999999,1711,23,1,1,1,Night
414,238.0,176.0,1712,0,1,1,1,Night
329,237.0,92.0,1713,1,1,1,1,Night
215,77.8,137.2,1714,2,1,1,1,Night
99,32.4,66.6,1715,3,1,1,1,Night
57,33.0,24.0,1716,4,1,1,1,Night
14,22.0,8.0,1717,5,1,1,1,Morning
14,12.2,1.8000000000000007,1718,6,1,1,1,Morning
5,11.4,6.4,1719,7,1,1,1,Morning
5,3.6,1.4,1720,8,1,1,1,Morning
42,26.4,15.600000000000001,1721,9,1,1,1,Morning
153,96.0,57.0,1722,10,1,1,1,Morning
508,355.4,152.60000000000002,1723,11,1,1,1,Morning
834,388.2,445.8,1724,12,1,1,1,Afternoon
387,221.0,166.0,1725,13,1,1,2,Afternoon
218,116.2,101.8,1726,14,1,1,1,Afternoon
268,166.4,101.6,1727,15,1,1,1,Afternoon
377,223.8,153.2,1728,16,1,1,1,Afternoon
332,204.8,127.19999999999999,1729,17,1,1,1,Evening
285,188.0,97.0,1730,18,1,1,2,Evening
353,172.6,180.4,1731,19,1,1,1,Evening
450,302.8,147.2,1732,20,1,1,1,Evening
890,442.6,447.4,1733,21,1,1,1,Evening
788,395.4,392.6,1734,22,1,1,1,Night
513,298.6,214.39999999999998,1735,23,1,1,1,Night
387,276.8,110.19999999999999,1736,0,1,1,1,Night
283,156.8,126.19999999999999,1737,1,1,1,1,Night
229,92.0,137.0,1738,2,1,1,1,Night
117,40.0,77.0,1739,3,1,1,1,Night
56,33.0,23.0,1740,5,1,1,1,Morning
16,24.8,8.8,1741,6,1,1,1,Morning
10,10.8,0.8000000000000007,1742,7,1,1,1,Morning
5,13.0,8.0,1743,8,1,1,1,Morning
6,6.0,0.0,1744,9,1,1,1,Morning
36,22.8,13.2,1745,10,1,1,1,Morning
131,81.0,50.0,1746,11,1,1,1,Morning
154,216.0,62.0,1747,12,1,1,2,Afternoon
467,408.0,59.0,1748,13,1,1,1,Afternoon
389,256.0,133.0,1749,14,1,1,1,Afternoon
224,164.8,59.19999999999999,1750,15,1,1,2,Afternoon
252,205.6,46.400000000000006,1751,16,1,1,1,Afternoon
332,250.8,81.19999999999999,1752,17,1,1,1,Evening
375,232.0,143.0,1753,18,1,1,1,Evening
365,232.2,132.8,1754,19,1,1,1,Evening
395,222.4,172.6,1755,20,1,1,1,Evening
565,189.0,376.0,1756,21,1,1,1,Evening
425,467.0,42.0,1757,22,1,1,1,Night
233,502.4,269.4,1758,23,1,1,2,Night
232,319.0,87.0,1759,0,0,1,2,Night
229,244.6,15.599999999999994,1760,1,0,1,2,Night
206,164.8,41.19999999999999,1761,2,0,1,2,Night
190,119.0,71.0,1762,3,0,1,2,Night
131,60.4,70.6,1763,4,0,1,1,Night
123,86.0,37.0,1764,5,0,1,1,Morning
95,46.8,48.2,1765,6,0,1,1,Morning
78,43.8,34.2,1766,7,0,1,1,Morning
29,15.4,13.6,1767,8,0,1,1,Morning
18,79.2,61.2,1768,9,0,1,1,Morning
13,28.2,15.2,1769,10,0,1,1,Morning
31,36.4,5.399999999999999,1770,11,0,1,1,Morning
65,66.8,1.7999999999999972,1771,12,0,1,1,Afternoon
193,103.6,89.4,1772,13,0,1,1,Afternoon
363,173.0,190.0,1773,14,0,1,1,Afternoon
423,351.0,72.0,1774,15,0,1,1,Afternoon
612,361.2,250.8,1775,16,0,1,1,Afternoon
703,438.0,265.0,1776,17,0,1,1,Evening
714,448.0,266.0,1777,18,0,1,1,Evening
711,436.0,275.0,1778,19,0,1,1,Evening
711,436.0,275.0,1779,20,0,1,1,Evening
691,389.8,301.2,1780,21,0,1,1,Evening
731,346.8,384.2,1781,22,0,1,1,Night
521,295.0,226.0,1782,23,0,1,1,Night
345,213.6,131.4,1783,0,0,1,1,Night
259,207.4,51.599999999999994,1784,1,0,1,1,Night
296,196.2,99.80000000000001,1785,2,0,1,1,Night
202,114.2,87.8,1786,3,0,1,1,Night
163,96.4,66.6,1787,4,0,1,1,Night
154,60.6,93.4,1788,5,0,1,1,Morning
117,63.2,53.8,1789,6,0,1,1,Morning
132,45.0,87.0,1790,7,0,1,1,Morning
41,46.4,5.399999999999999,1791,8,0,1,1,Morning
21,16.2,4.800000000000001,1792,9,0,1,1,Morning
10,72.4,62.400000000000006,1793,10,0,1,2,Morning
26,42.4,16.4,1794,11,0,1,1,Morning
56,55.6,0.3999999999999986,1795,12,0,1,1,Afternoon
143,127.4,15.599999999999994,1796,13,0,1,1,Afternoon
269,98.2,170.8,1797,14,0,1,1,Afternoon
443,315.2,127.80000000000001,1798,15,0,1,1,Afternoon
547,326.6,220.39999999999998,1799,16,0,1,1,Afternoon
675,414.2,260.8,1800,17,0,1,1,Evening
626,412.0,214.0,1801,18,0,1,1,Evening
640,422.8,217.2,1802,19,0,1,1,Evening
623,448.6,174.39999999999998,1803,20,0,1,1,Evening
591,399.6,191.39999999999998,1804,21,0,1,2,Evening
491,335.4,155.60000000000002,1805,22,0,1,2,Night
413,334.4,78.60000000000002,1806,23,0,1,3,Night
266,271.4,5.399999999999977,1807,0,1,2,3,Night
195,186.4,8.599999999999994,1808,1,1,2,2,Night
166,175.6,9.599999999999994,1809,2,1,2,2,Night
113,76.0,37.0,1810,3,1,2,2,Night
66,52.6,13.399999999999999,1811,5,1,2,1,Morning
31,36.4,5.399999999999999,1812,6,1,2,3,Morning
11,14.4,3.4000000000000004,1813,7,1,2,3,Morning
5,10.6,5.6,1814,8,1,2,2,Morning
6,30.6,24.6,1815,9,1,2,2,Morning
7,11.8,4.800000000000001,1816,10,1,2,2,Morning
46,37.4,8.600000000000001,1817,11,1,2,2,Morning
144,97.2,46.8,1818,12,1,2,2,Afternoon
452,270.0,182.0,1819,13,1,2,2,Afternoon
728,432.6,295.4,1820,14,1,2,2,Afternoon
360,242.8,117.19999999999999,1821,15,1,2,2,Afternoon
212,141.0,71.0,1822,16,1,2,2,Afternoon
211,150.6,60.400000000000006,1823,17,1,2,2,Evening
283,207.4,75.6,1824,18,1,2,2,Evening
315,197.2,117.80000000000001,1825,19,1,2,1,Evening
282,181.2,100.80000000000001,1826,20,1,2,1,Evening
296,196.4,99.6,1827,21,1,2,1,Evening
524,260.4,263.6,1828,22,1,2,1,Night
922,621.6,300.4,1829,23,1,2,1,Night
786,459.4,326.6,1830,0,1,2,1,Night
514,343.4,170.60000000000002,1831,1,1,2,1,Night
403,201.0,202.0,1832,2,1,2,1,Night
174,168.4,5.599999999999994,1833,3,1,2,1,Night
183,52.8,130.2,1834,4,1,2,2,Night
163,70.2,92.8,1835,5,1,2,2,Morning
37,16.4,20.6,1836,6,1,2,1,Morning
17,42.4,25.4,1837,7,1,2,2,Morning
7,5.0,2.0,1838,8,1,2,2,Morning
1,10.4,9.4,1839,9,1,2,2,Morning
7,11.8,4.800000000000001,1840,10,1,2,2,Morning
50,60.8,10.799999999999997,1841,11,1,2,1,Morning
158,105.6,52.400000000000006,1842,12,1,2,1,Afternoon
531,296.6,234.39999999999998,1843,13,1,2,1,Afternoon
761,404.0,357.0,1844,14,1,2,1,Afternoon
334,247.8,86.19999999999999,1845,15,1,2,1,Afternoon
221,142.8,78.19999999999999,1846,16,1,2,1,Afternoon
253,182.2,70.80000000000001,1847,17,1,2,1,Evening
378,207.8,170.2,1848,18,1,2,1,Evening
303,232.2,70.80000000000001,1849,19,1,2,2,Evening
296,184.6,111.4,1850,20,1,2,2,Evening
346,225.4,120.6,1851,21,1,2,2,Evening
541,349.6,191.39999999999998,1852,22,1,2,2,Night
938,704.2,233.79999999999995,1853,23,1,2,2,Night
826,637.8,188.20000000000005,1854,0,1,2,3,Night
482,422.4,59.60000000000002,1855,1,1,2,3,Night
379,289.6,89.39999999999998,1856,2,1,2,3,Night
295,201.2,93.80000000000001,1857,3,1,2,2,Night
194,153.0,41.0,1858,5,1,2,3,Morning
111,81.2,29.799999999999997,1859,6,1,2,2,Morning
46,44.0,2.0,1860,7,1,2,2,Morning
27,46.0,19.0,1861,8,1,2,2,Morning
6,37.4,31.4,1862,9,1,2,2,Morning
4,26.2,22.2,1863,10,1,2,2,Morning
6,27.4,21.4,1864,11,1,2,2,Morning
53,47.0,6.0,1865,12,1,2,2,Afternoon
173,112.4,60.599999999999994,1866,13,1,2,3,Afternoon
526,349.8,176.2,1867,14,1,2,2,Afternoon
801,404.8,396.2,1868,15,1,2,2,Afternoon
373,255.6,117.4,1869,16,1,2,2,Afternoon
171,131.2,39.80000000000001,1870,17,1,2,2,Evening
236,192.6,43.400000000000006,1871,18,1,2,3,Evening
316,249.8,66.19999999999999,1872,19,1,2,3,Evening
306,287.6,18.399999999999977,1873,20,1,2,3,Evening
301,213.2,87.80000000000001,1874,21,1,2,3,Evening
308,268.8,39.19999999999999,1875,22,1,2,2,Night
532,429.8,102.19999999999999,1876,23,1,2,3,Night
963,768.6,194.39999999999998,1877,0,1,2,2,Night
858,568.6,289.4,1878,1,1,2,2,Night
572,477.0,95.0,1879,2,1,2,2,Night
441,298.2,142.8,1880,3,1,2,2,Night
313,173.6,139.4,1881,4,1,2,2,Night
238,92.6,145.4,1882,5,1,2,2,Morning
123,56.8,66.2,1883,6,1,2,2,Morning
76,34.0,42.0,1884,7,1,2,3,Morning
28,46.4,18.4,1885,8,1,2,3,Morning
18,37.2,19.200000000000003,1886,9,1,2,2,Morning
8,15.0,7.0,1887,10,1,2,2,Morning
5,7.4,2.4000000000000004,1888,11,1,2,2,Morning
55,20.2,34.8,1889,12,1,2,2,Afternoon
171,106.4,64.6,1890,13,1,2,2,Afternoon
495,209.0,286.0,1891,14,1,2,2,Afternoon
779,300.0,479.0,1892,15,1,2,2,Afternoon
343,215.4,127.6,1893,16,1,2,2,Afternoon
225,87.2,137.8,1894,17,1,2,2,Evening
238,88.8,149.2,1895,18,1,2,2,Evening
319,168.6,150.4,1896,19,1,2,1,Evening
313,108.0,205.0,1897,20,1,2,1,Evening
285,188.8,96.19999999999999,1898,21,1,2,1,Evening
305,227.6,77.4,1899,22,1,2,1,Night
499,272.8,226.2,1900,23,1,2,1,Night
886,647.4,238.60000000000002,1901,0,1,2,1,Night
809,502.4,306.6,1902,1,1,2,1,Night
542,312.8,229.2,1903,2,1,2,1,Night
347,227.8,119.19999999999999,1904,3,1,2,1,Night
271,156.8,114.19999999999999,1905,4,1,2,1,Night
207,135.4,71.6,1906,5,1,2,1,Morning
135,74.8,60.2,1907,6,1,2,1,Morning
71,40.8,30.200000000000003,1908,7,1,2,1,Morning
36,13.4,22.6,1909,8,1,2,1,Morning
19,10.8,8.2,1910,9,1,2,1,Morning
13,7.6,5.4,1911,10,1,2,1,Morning
5,5.4,0.40000000000000036,1912,11,1,2,1,Morning
50,25.8,24.2,1913,12,1,2,1,Afternoon
144,88.8,55.2,1914,13,1,2,1,Afternoon
421,238.2,182.8,1915,14,1,2,1,Afternoon
734,510.8,223.2,1916,15,1,2,2,Afternoon
403,256.0,147.0,1917,16,1,2,2,Afternoon
197,169.0,28.0,1918,17,1,2,2,Evening
290,142.6,147.4,1919,18,1,2,1,Evening
392,225.4,166.6,1920,19,1,2,2,Evening
337,196.6,140.4,1921,20,1,2,2,Evening
351,218.8,132.2,1922,21,1,2,2,Evening
448,273.4,174.60000000000002,1923,22,1,2,2,Night
582,202.6,379.4,1924,23,1,2,2,Night
817,528.0,289.0,1925,0,0,2,2,Night
665,436.2,228.8,1926,1,0,2,1,Night
471,271.0,200.0,1927,2,0,2,1,Night
311,183.2,127.80000000000001,1928,3,0,2,1,Night
292,157.8,134.2,1929,4,0,2,1,Night
217,140.4,76.6,1930,5,0,2,1,Morning
178,107.6,70.4,1931,6,0,2,1,Morning
142,83.4,58.599999999999994,1932,7,0,2,1,Morning
146,74.2,71.8,1933,8,0,2,1,Morning
90,70.4,19.599999999999994,1934,9,0,2,1,Morning
26,20.4,5.600000000000001,1935,10,0,2,1,Morning
13,21.4,8.399999999999999,1936,11,0,2,1,Morning
9,7.2,1.7999999999999998,1937,12,0,2,1,Afternoon
31,27.0,4.0,1938,13,0,2,1,Afternoon
86,54.0,32.0,1939,14,0,2,1,Afternoon
213,110.2,102.8,1940,15,0,2,1,Afternoon
328,146.6,181.4,1941,16,0,2,1,Afternoon
479,236.8,242.2,1942,17,0,2,1,Evening
585,370.0,215.0,1943,18,0,2,2,Evening
668,568.6,99.39999999999998,1944,19,0,2,2,Evening
760,587.8,172.20000000000005,1945,20,0,2,2,Evening
750,559.6,190.39999999999998,1946,21,0,2,2,Evening
711,334.4,376.6,1947,22,0,2,2,Night
612,288.6,323.4,1948,23,0,2,2,Night
618,377.6,240.39999999999998,1949,0,0,2,2,Night
456,299.4,156.60000000000002,1950,1,0,2,2,Night
300,235.8,64.19999999999999,1951,2,0,2,3,Night
296,160.4,135.6,1952,3,0,2,3,Night
209,186.2,22.80000000000001,1953,4,0,2,3,Night
157,152.2,4.800000000000011,1954,6,0,2,3,Morning
167,99.0,68.0,1955,7,0,2,3,Morning
117,75.0,42.0,1956,8,0,2,1,Morning
133,93.0,40.0,1957,9,0,2,1,Morning
116,56.0,60.0,1958,10,0,2,2,Morning
79,32.6,46.4,1959,11,0,2,2,Morning
20,9.6,10.4,1960,12,0,2,2,Afternoon
28,111.0,83.0,1961,13,0,2,1,Afternoon
39,113.2,74.2,1962,14,0,2,1,Afternoon
65,119.4,54.400000000000006,1963,15,0,2,1,Afternoon
173,260.0,87.0,1964,16,0,2,1,Afternoon
330,210.4,119.6,1965,17,0,2,1,Evening
434,290.0,144.0,1966,18,0,2,1,Evening
462,315.6,146.39999999999998,1967,19,0,2,1,Evening
491,260.2,230.8,1968,20,0,2,1,Evening
391,233.4,157.6,1969,21,0,2,1,Evening
402,319.6,82.39999999999998,1970,22,0,2,1,Night
301,269.4,31.600000000000023,1971,23,0,2,1,Night
293,180.0,113.0,1972,0,1,2,1,Night
225,122.2,102.8,1973,1,1,2,1,Night
154,29.4,124.6,1974,2,1,2,1,Night
54,46.6,7.399999999999999,1975,3,1,2,1,Night
55,29.4,25.6,1976,5,1,2,1,Morning
46,42.8,3.200000000000003,1977,6,1,2,1,Morning
37,25.6,11.399999999999999,1978,7,1,2,1,Morning
14,35.0,21.0,1979,8,1,2,1,Morning
22,14.2,7.800000000000001,1980,9,1,2,2,Morning
116,78.6,37.400000000000006,1981,10,1,2,1,Morning
126,41.6,84.4,1982,11,1,2,2,Morning
124,98.4,25.599999999999994,1983,12,1,2,2,Afternoon
98,124.2,26.200000000000003,1984,13,1,2,2,Afternoon
124,167.2,43.19999999999999,1985,14,1,2,1,Afternoon
143,231.4,88.4,1986,15,1,2,1,Afternoon
115,371.4,256.4,1987,16,1,2,1,Afternoon
81,168.2,87.19999999999999,1988,17,1,2,1,Evening
64,157.2,93.19999999999999,1989,18,1,2,1,Evening
66,81.8,15.799999999999997,1990,19,1,2,1,Evening
39,42.4,3.3999999999999986,1991,20,1,2,1,Evening
16,32.2,16.200000000000003,1992,21,1,2,1,Evening
8,49.2,41.2,1993,22,1,2,1,Night
7,5.2,1.7999999999999998,1994,23,1,2,1,Night
3,45.0,42.0,1995,0,1,2,1,Night
5,3.0,2.0,1996,1,1,2,1,Night
24,25.0,1.0,1997,2,1,2,1,Night
116,97.4,18.599999999999994,1998,3,1,2,1,Night
337,277.8,59.19999999999999,1999,4,1,2,1,Night
621,501.2,119.80000000000001,2000,5,1,2,1,Morning
297,261.8,35.19999999999999,2001,6,1,2,1,Morning
168,94.6,73.4,2002,7,1,2,1,Morning
189,136.8,52.19999999999999,2003,8,1,2,1,Morning
241,185.0,56.0,2004,9,1,2,1,Morning
213,174.8,38.19999999999999,2005,10,1,2,1,Morning
224,158.2,65.80000000000001,2006,11,1,2,2,Morning
230,170.8,59.19999999999999,2007,12,1,2,1,Afternoon
424,211.2,212.8,2008,13,1,2,1,Afternoon
723,463.0,260.0,2009,14,1,2,1,Afternoon
584,407.2,176.8,2010,15,1,2,1,Afternoon
410,290.4,119.60000000000002,2011,16,1,2,1,Afternoon
268,264.0,4.0,2012,17,1,2,1,Evening
192,197.8,5.800000000000011,2013,18,1,2,1,Evening
165,108.6,56.400000000000006,2014,19,1,2,1,Evening
101,74.8,26.200000000000003,2015,20,1,2,1,Evening
60,28.6,31.4,2016,21,1,2,1,Evening
30,12.4,17.6,2017,22,1,2,1,Night
20,12.6,7.4,2018,23,1,2,2,Night
15,9.2,5.800000000000001,2019,0,1,2,2,Night
10,19.8,9.8,2020,1,1,2,1,Night
40,38.0,2.0,2021,2,1,2,2,Night
148,95.2,52.8,2022,3,1,2,2,Night
420,236.8,183.2,2023,4,1,2,2,Night
680,420.2,259.8,2024,5,1,2,2,Morning
331,222.2,108.80000000000001,2025,6,1,2,2,Morning
146,81.4,64.6,2026,7,1,2,2,Morning
170,93.6,76.4,2027,8,1,2,2,Morning
221,96.0,125.0,2028,9,1,2,2,Morning
248,160.4,87.6,2029,10,1,2,2,Morning
185,132.8,52.19999999999999,2030,11,1,2,2,Morning
214,161.4,52.599999999999994,2031,12,1,2,2,Afternoon
344,210.4,133.6,2032,13,1,2,2,Afternoon
689,426.6,262.4,2033,14,1,2,2,Afternoon
678,338.6,339.4,2034,15,1,2,3,Afternoon
452,257.8,194.2,2035,16,1,2,3,Afternoon
296,201.6,94.4,2036,17,1,2,3,Evening
267,151.2,115.80000000000001,2037,18,1,2,2,Evening
202,99.8,102.2,2038,19,1,2,2,Evening
120,75.8,44.2,2039,20,1,2,3,Evening
50,52.2,2.200000000000003,2040,21,1,2,2,Evening
24,29.4,5.399999999999999,2041,22,1,2,3,Night
10,14.4,4.4,2042,23,1,2,3,Night
3,10.0,7.0,2043,0,1,2,3,Night
7,20.8,13.8,2044,1,1,2,3,Night
26,20.2,5.800000000000001,2045,2,1,2,3,Night
122,85.4,36.599999999999994,2046,3,1,2,3,Night
357,248.0,109.0,2047,4,1,2,3,Night
687,430.8,256.2,2048,5,1,2,3,Morning
382,236.2,145.8,2049,6,1,2,3,Morning
204,151.4,52.599999999999994,2050,7,1,2,3,Morning
221,190.0,31.0,2051,8,1,2,2,Morning
292,273.8,18.19999999999999,2052,9,1,2,3,Morning
294,219.2,74.80000000000001,2053,10,1,2,3,Morning
262,154.2,107.80000000000001,2054,11,1,2,3,Morning
306,167.0,139.0,2055,12,1,2,3,Afternoon
421,257.0,164.0,2056,13,1,2,3,Afternoon
638,383.6,254.39999999999998,2057,14,1,2,3,Afternoon
522,368.0,154.0,2058,15,1,2,3,Afternoon
374,226.4,147.6,2059,16,1,2,2,Afternoon
221,154.2,66.80000000000001,2060,17,1,2,2,Evening
156,137.4,18.599999999999994,2061,18,1,2,2,Evening
149,108.6,40.400000000000006,2062,19,1,2,2,Evening
119,81.6,37.400000000000006,2063,20,1,2,3,Evening
108,65.8,42.2,2064,21,1,2,2,Evening
89,48.4,40.6,2065,22,1,2,3,Night
46,55.8,9.799999999999997,2066,23,1,2,3,Night
28,38.8,10.799999999999997,2067,0,1,2,3,Night
16,39.2,23.200000000000003,2068,1,1,2,3,Night
9,4.2,4.8,2069,2,1,2,3,Night
21,14.4,6.6,2070,3,1,2,2,Night
59,104.4,45.400000000000006,2071,4,1,2,2,Night
142,50.2,91.8,2072,5,1,2,3,Morning
219,148.6,70.4,2073,6,1,2,3,Morning
328,196.8,131.2,2074,7,1,2,3,Morning
340,155.2,184.8,2075,8,1,2,2,Morning
394,311.6,82.39999999999998,2076,9,1,2,1,Morning
449,244.6,204.4,2077,10,1,2,1,Morning
455,306.8,148.2,2078,11,1,2,1,Morning
448,197.8,250.2,2079,12,1,2,1,Afternoon
400,361.6,38.39999999999998,2080,13,1,2,1,Afternoon
410,228.6,181.4,2081,14,1,2,2,Afternoon
297,157.6,139.4,2082,15,1,2,1,Afternoon
239,230.8,8.199999999999989,2083,16,1,2,1,Afternoon
181,181.0,0.0,2084,17,1,2,1,Evening
166,177.8,11.800000000000011,2085,18,1,2,1,Evening
146,84.8,61.2,2086,19,1,2,1,Evening
148,80.4,67.6,2087,20,1,2,1,Evening
102,70.8,31.200000000000003,2088,21,1,2,1,Evening
165,62.4,102.6,2089,22,1,2,1,Night
37,53.4,16.4,2090,23,1,2,1,Night
11,35.4,24.4,2091,0,0,2,2,Night
9,19.0,10.0,2092,1,0,2,1,Night
5,4.8,0.20000000000000018,2093,2,0,2,1,Night
16,11.2,4.800000000000001,2094,3,0,2,1,Night
50,38.0,12.0,2095,4,0,2,1,Night
149,85.2,63.8,2096,5,0,2,2,Morning
217,178.6,38.400000000000006,2097,6,0,2,1,Morning
360,227.6,132.4,2098,7,0,2,2,Morning
445,286.0,159.0,2099,8,0,2,1,Morning
504,331.8,172.2,2100,9,0,2,2,Morning
493,355.8,137.2,2101,10,0,2,2,Morning
509,339.4,169.60000000000002,2102,11,0,2,2,Morning
449,330.2,118.80000000000001,2103,12,0,2,3,Afternoon
435,321.2,113.80000000000001,2104,13,0,2,1,Afternoon
327,249.0,78.0,2105,14,0,2,3,Afternoon
237,174.2,62.80000000000001,2106,15,0,2,3,Afternoon
227,133.6,93.4,2107,16,0,2,1,Afternoon
141,114.8,26.200000000000003,2108,17,0,2,1,Evening
87,84.4,2.5999999999999943,2109,18,0,2,1,Evening
79,72.4,6.599999999999994,2110,19,0,2,1,Evening
53,43.0,10.0,2111,20,0,2,1,Evening
23,52.8,29.799999999999997,2112,21,0,2,1,Evening
8,42.6,34.6,2113,22,0,2,1,Night
6,40.4,34.4,2114,23,0,2,1,Night
4,19.8,15.8,2115,0,0,2,1,Night
16,39.8,23.799999999999997,2116,1,0,2,1,Night
39,65.2,26.200000000000003,2117,2,0,2,1,Night
139,76.4,62.599999999999994,2118,3,0,2,1,Night
461,232.4,228.6,2119,4,0,2,1,Night
648,406.6,241.39999999999998,2120,5,0,2,1,Morning
257,254.6,2.4000000000000057,2121,6,0,2,1,Morning
142,110.2,31.799999999999997,2122,7,0,2,1,Morning
150,121.0,29.0,2123,8,0,2,1,Morning
244,154.4,89.6,2124,9,0,2,1,Morning
222,154.8,67.19999999999999,2125,10,0,2,1,Morning
196,149.6,46.400000000000006,2126,11,0,2,1,Morning
231,166.6,64.4,2127,12,0,2,1,Afternoon
360,213.4,146.6,2128,13,0,2,1,Afternoon
638,444.0,194.0,2129,14,0,2,1,Afternoon
542,370.2,171.8,2130,15,0,2,2,Afternoon
372,246.0,126.0,2131,16,0,2,2,Afternoon
241,181.4,59.599999999999994,2132,17,0,2,2,Evening
152,124.2,27.799999999999997,2133,18,0,2,2,Evening
115,92.8,22.200000000000003,2134,19,0,2,2,Evening
53,53.0,0.0,2135,20,0,2,3,Evening
19,20.8,1.8000000000000007,2136,21,0,2,2,Evening
8,8.6,0.5999999999999996,2137,22,0,2,1,Night
2,4.6,2.5999999999999996,2138,23,0,2,1,Night
4,2.2,1.7999999999999998,2139,0,1,2,1,Night
7,4.4,2.5999999999999996,2140,1,1,2,1,Night
41,37.0,4.0,2141,2,1,2,1,Night
149,85.0,64.0,2142,3,1,2,1,Night
387,270.8,116.19999999999999,2143,4,1,2,1,Night
588,364.6,223.39999999999998,2144,5,1,2,1,Morning
363,229.2,133.8,2145,6,1,2,1,Morning
230,121.2,108.8,2146,7,1,2,2,Morning
216,132.6,83.4,2147,8,1,2,2,Morning
248,184.0,64.0,2148,9,1,2,2,Morning
278,178.8,99.19999999999999,2149,10,1,2,2,Morning
240,156.6,83.4,2150,11,1,2,1,Morning
272,150.8,121.19999999999999,2151,12,1,2,1,Afternoon
402,245.8,156.2,2152,13,1,2,1,Afternoon
627,456.0,171.0,2153,14,1,2,2,Afternoon
497,417.2,79.80000000000001,2154,15,1,2,1,Afternoon
371,277.6,93.39999999999998,2155,16,1,2,1,Afternoon
228,184.8,43.19999999999999,2156,17,1,2,1,Evening
151,145.6,5.400000000000006,2157,18,1,2,2,Evening
153,76.6,76.4,2158,19,1,2,1,Evening
205,54.8,150.2,2159,20,1,2,2,Evening
283,102.2,180.8,2160,21,1,2,2,Evening
92,68.0,24.0,2161,22,1,2,2,Night
74,67.2,6.799999999999997,2162,23,1,2,2,Night
11,66.8,55.8,2163,0,1,2,1,Night
9,67.0,58.0,2164,1,1,2,3,Night
27,119.8,92.8,2165,2,1,2,2,Night
118,136.6,18.599999999999994,2166,3,1,2,2,Night
319,241.6,77.4,2167,4,1,2,3,Night
601,437.2,163.8,2168,5,1,2,3,Morning
368,244.4,123.6,2169,6,1,2,2,Morning
178,118.6,59.400000000000006,2170,7,1,2,2,Morning
147,135.4,11.599999999999994,2171,8,1,2,3,Morning
212,142.6,69.4,2172,9,1,2,3,Morning
181,135.6,45.400000000000006,2173,10,1,2,3,Morning
161,147.2,13.800000000000011,2174,11,1,2,3,Morning
198,148.2,49.80000000000001,2175,12,1,2,2,Afternoon
273,163.6,109.4,2176,13,1,2,2,Afternoon
517,268.6,248.39999999999998,2177,14,1,2,2,Afternoon
465,341.0,124.0,2178,15,1,2,1,Afternoon
319,263.8,55.19999999999999,2179,16,1,2,1,Afternoon
256,156.8,99.19999999999999,2180,17,1,2,1,Evening
126,141.0,15.0,2181,18,1,2,1,Evening
60,74.6,14.599999999999994,2182,19,1,2,1,Evening
40,39.6,0.3999999999999986,2183,20,1,2,1,Evening
15,54.2,39.2,2184,21,1,2,1,Evening
12,42.8,30.799999999999997,2185,22,1,2,1,Night
6,22.0,16.0,2186,23,1,2,1,Night
10,59.4,49.4,2187,0,1,2,1,Night
35,35.2,0.20000000000000284,2188,1,1,2,1,Night
124,88.4,35.599999999999994,2189,2,1,2,1,Night
423,282.4,140.60000000000002,2190,3,1,2,1,Night
668,454.8,213.2,2191,4,1,2,1,Night
275,260.0,15.0,2192,5,1,2,1,Morning
161,141.0,20.0,2193,6,1,2,1,Morning
171,172.6,1.5999999999999943,2194,7,1,2,1,Morning
235,244.8,9.800000000000011,2195,8,1,2,1,Morning
228,242.6,14.599999999999994,2196,9,1,2,1,Morning
182,224.0,42.0,2197,10,1,2,1,Morning
233,252.4,19.400000000000006,2198,11,1,2,1,Morning
339,284.6,54.39999999999998,2199,12,1,2,1,Afternoon
592,591.4,0.6000000000000227,2200,13,1,2,1,Afternoon
507,463.6,43.39999999999998,2201,14,1,2,1,Afternoon
373,314.6,58.39999999999998,2202,15,1,2,1,Afternoon
245,238.4,6.599999999999994,2203,16,1,2,1,Afternoon
233,131.2,101.80000000000001,2204,17,1,2,1,Evening
161,100.2,60.8,2205,18,1,2,1,Evening
87,68.6,18.400000000000006,2206,19,1,2,1,Evening
55,56.4,1.3999999999999986,2207,20,1,2,1,Evening
20,51.2,31.200000000000003,2208,21,1,2,1,Evening
12,8.0,4.0,2209,22,1,2,1,Night
9,44.8,35.8,2210,23,1,2,1,Night
14,45.8,31.799999999999997,2211,0,1,2,1,Night
27,20.2,6.800000000000001,2212,1,1,2,1,Night
131,68.4,62.599999999999994,2213,2,1,2,1,Night
341,193.8,147.2,2214,3,1,2,1,Night
693,401.4,291.6,2215,4,1,2,1,Night
327,286.0,41.0,2216,5,1,2,1,Morning
197,148.8,48.19999999999999,2217,6,1,2,1,Morning
251,195.6,55.400000000000006,2218,7,1,2,2,Morning
262,264.4,2.3999999999999773,2219,8,1,2,1,Morning
299,253.2,45.80000000000001,2220,9,1,2,2,Morning
274,213.2,60.80000000000001,2221,10,1,2,2,Morning
356,256.0,100.0,2222,11,1,2,2,Morning
434,277.8,156.2,2223,12,1,2,2,Afternoon
654,341.8,312.2,2224,13,1,2,2,Afternoon
496,357.6,138.39999999999998,2225,14,1,2,1,Afternoon
361,234.2,126.80000000000001,2226,15,1,2,1,Afternoon
255,166.4,88.6,2227,16,1,2,1,Afternoon
199,139.0,60.0,2228,17,1,2,1,Evening
163,60.2,102.8,2229,18,1,2,1,Evening
162,33.2,128.8,2230,19,1,2,1,Evening
122,43.2,78.8,2231,20,1,2,1,Evening
76,39.2,36.8,2232,21,1,2,2,Evening
44,24.2,19.8,2233,22,1,2,2,Night
20,24.8,4.800000000000001,2234,23,1,2,1,Night
6,8.8,2.8000000000000007,2235,0,1,2,2,Night
10,33.8,23.799999999999997,2236,1,1,2,2,Night
16,9.8,6.199999999999999,2237,2,1,2,3,Night
71,20.4,50.6,2238,3,1,2,3,Night
146,97.6,48.400000000000006,2239,4,1,2,2,Night
259,125.4,133.6,2240,5,1,2,2,Morning
350,220.8,129.2,2241,6,1,2,2,Morning
466,267.2,198.8,2242,7,1,2,3,Morning
606,336.2,269.8,2243,8,1,2,3,Morning
651,359.2,291.8,2244,9,1,2,2,Morning
627,385.0,242.0,2245,10,1,2,2,Morning
567,333.4,233.60000000000002,2246,11,1,2,2,Morning
605,415.0,190.0,2247,12,1,2,3,Afternoon
501,247.8,253.2,2248,13,1,2,3,Afternoon
359,233.6,125.4,2249,14,1,2,3,Afternoon
283,207.2,75.80000000000001,2250,15,1,2,3,Afternoon
192,181.2,10.800000000000011,2251,16,1,2,2,Afternoon
220,147.2,72.80000000000001,2252,17,1,2,3,Evening
193,65.8,127.2,2253,18,1,2,3,Evening
146,79.0,67.0,2254,19,1,2,3,Evening
124,62.2,61.8,2255,20,1,2,2,Evening
108,62.4,45.6,2256,21,1,2,2,Evening
70,32.8,37.2,2257,22,1,2,2,Night
48,29.4,18.6,2258,23,1,2,2,Night
11,14.4,3.4000000000000004,2259,0,0,2,2,Night
12,9.6,2.4000000000000004,2260,1,0,2,2,Night
19,17.6,1.3999999999999986,2261,2,0,2,2,Night
68,21.0,47.0,2262,3,0,2,3,Night
119,59.8,59.2,2263,4,0,2,3,Night
273,132.0,141.0,2264,5,0,2,2,Morning
405,247.8,157.2,2265,6,0,2,2,Morning
504,261.4,242.60000000000002,2266,7,0,2,2,Morning
585,371.4,213.60000000000002,2267,8,0,2,2,Morning
686,389.2,296.8,2268,9,0,2,2,Morning
654,463.4,190.60000000000002,2269,10,0,2,2,Morning
724,387.0,337.0,2270,11,0,2,2,Morning
653,369.6,283.4,2271,12,0,2,2,Afternoon
493,214.2,278.8,2272,13,0,2,2,Afternoon
405,207.2,197.8,2273,14,0,2,2,Afternoon
277,181.0,96.0,2274,15,0,2,2,Afternoon
200,154.0,46.0,2275,16,0,2,2,Afternoon
171,135.0,36.0,2276,17,0,2,2,Evening
134,73.8,60.2,2277,18,0,2,2,Evening
109,58.2,50.8,2278,19,0,2,2,Evening
49,47.4,1.6000000000000014,2279,20,0,2,2,Evening
30,38.0,8.0,2280,21,0,2,2,Evening
20,26.6,6.600000000000001,2281,22,0,2,2,Night
4,10.2,6.199999999999999,2282,23,0,2,2,Night
4,5.6,1.5999999999999996,2283,0,0,2,2,Night
24,47.8,23.799999999999997,2284,1,0,2,2,Night
71,59.2,11.799999999999997,2285,2,0,2,2,Night
264,121.2,142.8,2286,3,0,2,2,Night
540,283.4,256.6,2287,4,0,2,2,Night
397,179.4,217.6,2288,5,0,2,2,Morning
266,209.4,56.599999999999994,2289,6,0,2,2,Morning
367,201.8,165.2,2290,7,0,2,2,Morning
419,280.8,138.2,2291,8,0,2,2,Morning
420,315.6,104.39999999999998,2292,9,0,2,2,Morning
444,282.0,162.0,2293,10,0,2,2,Morning
382,238.6,143.4,2294,11,0,2,2,Morning
434,263.8,170.2,2295,12,0,2,2,Afternoon
596,248.0,348.0,2296,13,0,2,1,Afternoon
551,151.0,400.0,2297,14,0,2,1,Afternoon
353,172.8,180.2,2298,15,0,2,1,Afternoon
304,115.4,188.6,2299,16,0,2,2,Afternoon
155,148.4,6.599999999999994,2300,17,0,2,2,Evening
112,53.6,58.4,2301,18,0,2,1,Evening
63,53.6,9.399999999999999,2302,19,0,2,1,Evening
23,22.0,1.0,2303,20,0,2,1,Evening
5,16.6,11.600000000000001,2304,21,0,2,1,Evening
11,30.8,19.8,2305,22,0,2,1,Night
5,43.6,38.6,2306,23,0,2,1,Night
9,15.2,6.199999999999999,2307,0,1,2,1,Night
18,19.8,1.8000000000000007,2308,1,1,2,1,Night
50,41.4,8.600000000000001,2309,2,1,2,1,Night
107,202.8,95.80000000000001,2310,4,1,2,1,Night
211,257.8,46.80000000000001,2311,5,1,2,1,Morning
110,134.8,24.80000000000001,2312,6,1,2,2,Morning
94,32.2,61.8,2313,7,1,2,2,Morning
155,99.4,55.599999999999994,2314,8,1,2,2,Morning
196,180.6,15.400000000000006,2315,9,1,2,2,Morning
218,180.4,37.599999999999994,2316,10,1,2,2,Morning
203,160.8,42.19999999999999,2317,11,1,2,2,Morning
217,150.8,66.19999999999999,2318,12,1,2,2,Afternoon
310,249.4,60.599999999999994,2319,13,1,2,2,Afternoon
608,456.0,152.0,2320,14,1,2,2,Afternoon
559,396.8,162.2,2321,15,1,2,1,Afternoon
356,225.2,130.8,2322,16,1,2,1,Afternoon
223,157.4,65.6,2323,17,1,2,1,Evening
187,115.2,71.8,2324,18,1,2,1,Evening
135,94.0,41.0,2325,19,1,2,1,Evening
84,60.8,23.200000000000003,2326,20,1,2,1,Evening
24,39.8,15.799999999999997,2327,21,1,2,1,Evening
12,32.0,20.0,2328,22,1,2,2,Night
1,30.8,29.8,2329,23,1,2,3,Night
5,19.8,14.8,2330,0,1,2,2,Night
6,3.4,2.6,2331,1,1,2,2,Night
39,42.8,3.799999999999997,2332,2,1,2,2,Night
146,83.6,62.400000000000006,2333,3,1,2,2,Night
415,311.4,103.60000000000002,2334,4,1,2,2,Night
691,533.4,157.60000000000002,2335,5,1,2,2,Morning
332,240.8,91.19999999999999,2336,6,1,2,2,Morning
171,117.0,54.0,2337,7,1,2,2,Morning
151,133.2,17.80000000000001,2338,8,1,2,3,Morning
240,181.2,58.80000000000001,2339,9,1,2,3,Morning
214,167.8,46.19999999999999,2340,10,1,2,3,Morning
181,160.0,21.0,2341,11,1,2,1,Morning
260,170.0,90.0,2342,12,1,2,2,Afternoon
321,245.6,75.4,2343,13,1,2,3,Afternoon
583,500.2,82.80000000000001,2344,14,1,2,2,Afternoon
567,401.8,165.2,2345,15,1,2,2,Afternoon
396,260.8,135.2,2346,16,1,2,2,Afternoon
267,172.0,95.0,2347,17,1,2,3,Evening
213,156.2,56.80000000000001,2348,18,1,2,3,Evening
173,78.6,94.4,2349,19,1,2,2,Evening
87,34.4,52.6,2350,20,1,2,2,Evening
34,27.2,6.800000000000001,2351,21,1,2,2,Evening
16,25.4,9.399999999999999,2352,22,1,2,2,Night
7,6.6,0.40000000000000036,2353,23,1,2,2,Night
2,4.2,2.2,2354,0,1,2,2,Night
5,20.4,15.399999999999999,2355,1,1,2,2,Night
37,51.2,14.200000000000003,2356,2,1,2,3,Night
147,95.8,51.2,2357,3,1,2,3,Night
410,236.8,173.2,2358,4,1,2,3,Night
646,315.2,330.8,2359,5,1,2,3,Morning
323,227.2,95.80000000000001,2360,6,1,2,3,Morning
153,100.4,52.599999999999994,2361,7,1,2,3,Morning
166,115.6,50.400000000000006,2362,8,1,2,3,Morning
213,154.2,58.80000000000001,2363,9,1,2,2,Morning
217,149.2,67.80000000000001,2364,10,1,2,2,Morning
201,136.0,65.0,2365,11,1,2,2,Morning
217,161.4,55.599999999999994,2366,12,1,2,3,Afternoon
342,170.8,171.2,2367,13,1,2,2,Afternoon
563,300.8,262.2,2368,14,1,2,2,Afternoon
573,338.6,234.39999999999998,2369,15,1,2,2,Afternoon
386,275.8,110.19999999999999,2370,16,1,2,1,Afternoon
285,170.2,114.80000000000001,2371,17,1,2,1,Evening
224,157.0,67.0,2372,18,1,2,1,Evening
153,53.0,100.0,2373,19,1,2,1,Evening
125,64.8,60.2,2374,20,1,2,1,Evening
65,34.2,30.799999999999997,2375,21,1,2,1,Evening
21,12.2,8.8,2376,22,1,2,1,Night
9,7.2,1.7999999999999998,2377,23,1,2,1,Night
6,5.2,0.7999999999999998,2378,0,1,2,1,Night
5,6.8,1.7999999999999998,2379,1,1,2,1,Night
36,25.6,10.399999999999999,2380,2,1,2,1,Night
130,58.6,71.4,2381,3,1,2,1,Night
367,246.0,121.0,2382,4,1,2,1,Night
711,379.2,331.8,2383,5,1,2,1,Morning
351,236.2,114.80000000000001,2384,6,1,2,1,Morning
198,125.8,72.2,2385,7,1,2,1,Morning
218,203.8,14.199999999999989,2386,8,1,2,1,Morning
290,248.2,41.80000000000001,2387,9,1,2,1,Morning
278,222.2,55.80000000000001,2388,10,1,2,1,Morning
251,207.0,44.0,2389,11,1,2,1,Morning
267,226.8,40.19999999999999,2390,12,1,2,1,Afternoon
383,253.6,129.4,2391,13,1,2,1,Afternoon
580,312.0,268.0,2392,14,1,2,1,Afternoon
505,307.6,197.39999999999998,2393,15,1,2,1,Afternoon
332,230.0,102.0,2394,16,1,2,1,Afternoon
227,161.0,66.0,2395,17,1,2,1,Evening
178,123.6,54.400000000000006,2396,18,1,2,1,Evening
162,94.4,67.6,2397,19,1,2,1,Evening
128,70.2,57.8,2398,20,1,2,1,Evening
106,57.8,48.2,2399,21,1,2,1,Evening
87,46.6,40.4,2400,22,1,2,1,Night
49,39.2,9.799999999999997,2401,23,1,2,1,Night
21,23.8,2.8000000000000007,2402,0,0,2,1,Night
7,9.8,2.8000000000000007,2403,1,0,2,1,Night
11,23.4,12.399999999999999,2404,2,0,2,1,Night
21,34.0,13.0,2405,3,0,2,1,Night
78,44.0,34.0,2406,4,0,2,1,Night
168,72.0,96.0,2407,5,0,2,1,Morning
248,174.0,74.0,2408,6,0,2,1,Morning
320,233.2,86.80000000000001,2409,7,0,2,1,Morning
423,243.2,179.8,2410,8,0,2,1,Morning
476,354.8,121.19999999999999,2411,9,0,2,1,Morning
525,343.4,181.60000000000002,2412,10,0,2,1,Morning
555,379.0,176.0,2413,11,0,2,1,Morning
549,349.4,199.60000000000002,2414,12,0,2,1,Afternoon
469,341.6,127.39999999999998,2415,13,0,2,1,Afternoon
403,248.6,154.4,2416,14,0,2,1,Afternoon
271,241.4,29.599999999999994,2417,15,0,2,1,Afternoon
253,199.0,54.0,2418,16,0,2,1,Afternoon
172,159.4,12.599999999999994,2419,17,0,2,2,Evening
139,130.8,8.199999999999989,2420,18,0,2,2,Evening
145,90.0,55.0,2421,19,0,2,1,Evening
133,80.8,52.2,2422,20,0,2,2,Evening
129,54.2,74.8,2423,21,0,2,2,Evening
95,79.0,16.0,2424,22,0,2,2,Night
73,28.8,44.2,2425,23,0,2,2,Night
46,35.4,10.600000000000001,2426,0,0,2,2,Night
12,7.6,4.4,2427,1,0,2,2,Night
12,7.2,4.8,2428,2,0,2,2,Night
15,13.6,1.4000000000000004,2429,3,0,2,2,Night
42,28.8,13.2,2430,4,0,2,2,Night
119,69.0,50.0,2431,5,0,2,2,Morning
204,114.8,89.2,2432,6,0,2,3,Morning
329,186.4,142.6,2433,7,0,2,2,Morning
359,151.2,207.8,2434,8,0,2,3,Morning
442,316.0,126.0,2435,9,0,2,3,Morning
447,310.8,136.2,2436,10,0,2,3,Morning
428,310.6,117.39999999999998,2437,11,0,2,3,Morning
407,362.2,44.80000000000001,2438,12,0,2,2,Afternoon
372,278.0,94.0,2439,13,0,2,3,Afternoon
280,193.0,87.0,2440,14,0,2,3,Afternoon
276,190.0,86.0,2441,15,0,2,3,Afternoon
210,169.4,40.599999999999994,2442,16,0,2,3,Afternoon
129,150.2,21.19999999999999,2443,17,0,2,3,Evening
110,101.2,8.799999999999997,2444,18,0,2,2,Evening
74,59.8,14.200000000000003,2445,19,0,2,2,Evening
59,73.8,14.799999999999997,2446,20,0,2,3,Evening
27,20.8,6.199999999999999,2447,21,0,2,2,Evening
19,21.8,2.8000000000000007,2448,22,0,2,3,Night
5,7.2,2.2,2449,23,0,2,2,Night
2,5.0,3.0,2450,0,0,2,2,Night
12,4.4,7.6,2451,1,0,2,1,Night
39,74.4,35.400000000000006,2452,2,0,2,1,Night
131,75.4,55.599999999999994,2453,3,0,2,1,Night
386,300.2,85.80000000000001,2454,4,0,2,1,Night
663,395.2,267.8,2455,5,0,2,1,Morning
278,202.8,75.19999999999999,2456,6,0,2,1,Morning
139,83.6,55.400000000000006,2457,7,0,2,1,Morning
197,101.0,96.0,2458,8,0,2,1,Morning
242,162.4,79.6,2459,9,0,2,1,Morning
251,196.4,54.599999999999994,2460,10,0,2,1,Morning
217,167.0,50.0,2461,11,0,2,1,Morning
257,167.4,89.6,2462,12,0,2,1,Afternoon
380,239.6,140.4,2463,13,0,2,1,Afternoon
619,499.0,120.0,2464,14,0,2,1,Afternoon
580,484.4,95.60000000000002,2465,15,0,2,1,Afternoon
406,299.6,106.39999999999998,2466,16,0,2,1,Afternoon
259,217.6,41.400000000000006,2467,17,0,2,1,Evening
203,191.2,11.800000000000011,2468,18,0,2,1,Evening
113,92.2,20.799999999999997,2469,19,0,2,1,Evening
74,48.6,25.4,2470,20,0,2,1,Evening
29,22.4,6.600000000000001,2471,21,0,2,1,Evening
13,11.8,1.1999999999999993,2472,22,0,2,1,Night
5,7.4,2.4000000000000004,2473,23,0,2,1,Night
2,7.0,5.0,2474,0,1,2,1,Night
6,4.8,1.2000000000000002,2475,1,1,2,1,Night
34,18.4,15.600000000000001,2476,2,1,2,1,Night
148,89.0,59.0,2477,3,1,2,1,Night
418,317.4,100.60000000000002,2478,4,1,2,1,Night
665,410.6,254.39999999999998,2479,5,1,2,1,Morning
326,210.8,115.19999999999999,2480,6,1,2,1,Morning
176,122.0,54.0,2481,7,1,2,1,Morning
205,129.0,76.0,2482,8,1,2,1,Morning
313,192.0,121.0,2483,9,1,2,2,Morning
267,196.2,70.80000000000001,2484,10,1,2,2,Morning
224,181.6,42.400000000000006,2485,11,1,2,2,Morning
287,198.0,89.0,2486,12,1,2,2,Afternoon
395,245.0,150.0,2487,13,1,2,2,Afternoon
590,397.0,193.0,2488,14,1,2,2,Afternoon
550,417.4,132.60000000000002,2489,15,1,2,2,Afternoon
384,251.4,132.6,2490,16,1,2,1,Afternoon
235,195.6,39.400000000000006,2491,17,1,2,1,Evening
157,155.0,2.0,2492,18,1,2,1,Evening
122,102.8,19.200000000000003,2493,19,1,2,1,Evening
83,36.4,46.6,2494,20,1,2,1,Evening
26,12.2,13.8,2495,21,1,2,1,Evening
14,20.6,6.600000000000001,2496,22,1,2,1,Night
8,5.8,2.2,2497,23,1,2,1,Night
2,2.8,0.7999999999999998,2498,0,1,2,1,Night
10,4.8,5.2,2499,1,1,2,1,Night
29,39.6,10.600000000000001,2500,2,1,2,1,Night
101,66.8,34.2,2501,3,1,2,1,Night
273,292.2,19.19999999999999,2502,4,1,2,1,Night
551,356.0,195.0,2503,5,1,2,2,Morning
365,215.8,149.2,2504,6,1,2,2,Morning
172,106.6,65.4,2505,7,1,2,2,Morning
241,139.8,101.19999999999999,2506,8,1,2,2,Morning
344,170.6,173.4,2507,9,1,2,3,Morning
365,193.4,171.6,2508,10,1,2,2,Morning
413,183.8,229.2,2509,11,1,2,2,Morning
449,192.0,257.0,2510,12,1,2,2,Afternoon
469,267.4,201.60000000000002,2511,13,1,2,2,Afternoon
374,511.8,137.8,2512,14,1,2,2,Afternoon
311,390.2,79.19999999999999,2513,15,1,2,2,Afternoon
243,228.8,14.199999999999989,2514,16,1,2,1,Afternoon
136,179.8,43.80000000000001,2515,17,1,2,1,Evening
105,156.2,51.19999999999999,2516,18,1,2,2,Evening
88,123.0,35.0,2517,19,1,2,2,Evening
57,46.2,10.799999999999997,2518,20,1,2,2,Evening
46,14.6,31.4,2519,21,1,2,2,Evening
42,14.6,27.4,2520,22,1,2,1,Night
18,14.4,3.5999999999999996,2521,23,1,2,1,Night
6,11.2,5.199999999999999,2522,0,1,2,1,Night
3,11.6,8.6,2523,1,1,2,1,Night
8,36.8,28.799999999999997,2524,2,1,2,1,Night
17,36.8,19.799999999999997,2525,3,1,2,1,Night
56,26.0,30.0,2526,4,1,2,1,Night
97,40.8,56.2,2527,5,1,2,1,Morning
119,48.4,70.6,2528,6,1,2,1,Morning
219,48.4,170.6,2529,7,1,2,1,Morning
232,67.6,164.4,2530,8,1,2,1,Morning
262,183.2,78.80000000000001,2531,9,1,2,1,Morning
269,215.8,53.19999999999999,2532,10,1,2,1,Morning
220,164.4,55.599999999999994,2533,11,1,2,1,Morning
228,117.0,111.0,2534,12,1,2,1,Afternoon
182,143.2,38.80000000000001,2535,13,1,2,1,Afternoon
109,114.2,5.200000000000003,2536,14,1,2,1,Afternoon
70,94.8,24.799999999999997,2537,15,1,2,2,Afternoon
44,40.6,3.3999999999999986,2538,16,1,2,2,Afternoon
52,57.4,5.399999999999999,2539,17,1,2,2,Evening
46,41.0,5.0,2540,18,1,2,1,Evening
44,26.2,17.8,2541,19,1,2,1,Evening
36,27.0,9.0,2542,20,1,2,1,Evening
32,29.0,3.0,2543,21,1,2,1,Evening
13,13.2,0.1999999999999993,2544,22,1,2,1,Night
5,22.0,17.0,2545,23,1,2,1,Night
1,5.0,4.0,2546,0,1,2,1,Night
4,5.2,1.2000000000000002,2547,1,1,2,1,Night
10,20.8,10.8,2548,2,1,2,1,Night
20,59.0,39.0,2549,3,1,2,2,Night
77,188.6,111.6,2550,4,1,2,2,Night
94,383.8,289.8,2551,5,1,2,2,Morning
112,141.8,29.80000000000001,2552,6,1,2,2,Morning
201,126.0,75.0,2553,7,1,2,2,Morning
251,180.4,70.6,2554,8,1,2,2,Morning
379,273.0,106.0,2555,9,1,2,2,Morning
424,253.8,170.2,2556,10,1,2,1,Morning
435,252.8,182.2,2557,11,1,2,1,Morning
447,267.4,179.60000000000002,2558,12,1,2,1,Afternoon
357,264.8,92.19999999999999,2559,13,1,2,1,Afternoon
300,311.4,11.399999999999977,2560,14,1,2,1,Afternoon
208,307.4,99.39999999999998,2561,15,1,2,1,Afternoon
154,215.2,61.19999999999999,2562,16,1,2,1,Afternoon
142,178.2,36.19999999999999,2563,17,1,2,1,Evening
98,154.4,56.400000000000006,2564,18,1,2,1,Evening
79,91.6,12.599999999999994,2565,19,1,2,1,Evening
67,107.0,40.0,2566,20,1,2,1,Evening
42,69.2,27.200000000000003,2567,21,1,2,1,Evening
20,45.2,25.200000000000003,2568,22,1,2,1,Night
32,142.8,110.80000000000001,2569,23,1,2,1,Night
11,19.8,8.8,2570,0,1,2,1,Night
3,14.8,11.8,2571,1,1,2,1,Night
3,48.0,45.0,2572,2,1,2,1,Night
10,38.2,28.200000000000003,2573,3,1,2,1,Night
25,61.4,36.4,2574,4,1,2,1,Night
62,117.8,55.8,2575,5,1,2,1,Morning
122,148.0,26.0,2576,6,1,2,1,Morning
142,209.8,67.80000000000001,2577,7,1,2,2,Morning
186,162.8,23.19999999999999,2578,8,1,2,2,Morning
199,212.0,13.0,2579,9,1,2,3,Morning
225,334.0,109.0,2580,10,1,2,2,Morning
207,291.4,84.39999999999998,2581,11,1,2,3,Morning
198,253.8,55.80000000000001,2582,12,1,2,3,Afternoon
170,265.0,95.0,2583,13,1,2,3,Afternoon
126,188.6,62.599999999999994,2584,14,1,2,3,Afternoon
145,127.4,17.599999999999994,2585,15,1,2,3,Afternoon
83,198.6,115.6,2586,16,1,2,3,Afternoon
58,121.8,63.8,2587,17,1,2,3,Evening
75,93.8,18.799999999999997,2588,18,1,2,3,Evening
76,36.8,39.2,2589,19,1,2,3,Evening
57,71.6,14.599999999999994,2590,20,1,2,3,Evening
34,70.4,36.400000000000006,2591,21,1,2,3,Evening
36,56.8,20.799999999999997,2592,22,1,2,3,Night
28,46.4,18.4,2593,23,1,2,3,Night
8,43.4,35.4,2594,0,0,2,2,Night
2,26.8,24.8,2595,1,0,2,2,Night
3,4.2,1.2000000000000002,2596,2,0,2,3,Night
11,8.6,2.4000000000000004,2597,3,0,2,3,Night
21,67.4,46.400000000000006,2598,4,0,2,3,Night
34,54.8,20.799999999999997,2599,5,0,2,3,Morning
96,126.6,30.599999999999994,2600,6,0,2,2,Morning
139,193.2,54.19999999999999,2601,7,0,2,3,Morning
204,165.6,38.400000000000006,2602,8,0,2,2,Morning
202,232.6,30.599999999999994,2603,9,0,2,2,Morning
195,267.8,72.80000000000001,2604,10,0,2,2,Morning
203,248.6,45.599999999999994,2605,11,0,2,2,Morning
245,299.2,54.19999999999999,2606,12,0,2,1,Afternoon
228,310.2,82.19999999999999,2607,13,0,2,1,Afternoon
181,263.8,82.80000000000001,2608,14,0,2,1,Afternoon
141,175.2,34.19999999999999,2609,15,0,2,1,Afternoon
127,141.6,14.599999999999994,2610,16,0,2,1,Afternoon
119,109.8,9.200000000000003,2611,17,0,2,1,Evening
64,83.0,19.0,2612,18,0,2,1,Evening
62,60.6,1.3999999999999986,2613,19,0,2,1,Evening
41,49.8,8.799999999999997,2614,20,0,2,2,Evening
23,19.2,3.8000000000000007,2615,21,0,2,2,Evening
10,9.4,0.5999999999999996,2616,22,0,2,2,Night
5,3.0,2.0,2617,23,0,2,2,Night
5,2.4,2.6,2618,0,0,2,1,Night
10,5.2,4.8,2619,1,0,2,1,Night
41,19.8,21.2,2620,2,0,2,1,Night
124,78.6,45.400000000000006,2621,3,0,2,1,Night
365,207.8,157.2,2622,4,0,2,1,Night
638,413.2,224.8,2623,5,0,2,1,Morning
286,208.2,77.80000000000001,2624,6,0,2,2,Morning
147,126.8,20.200000000000003,2625,7,0,2,2,Morning
130,161.4,31.400000000000006,2626,8,0,2,1,Morning
210,200.2,9.800000000000011,2627,9,0,2,1,Morning
217,161.2,55.80000000000001,2628,10,0,2,1,Morning
228,177.6,50.400000000000006,2629,11,0,2,1,Morning
230,169.6,60.400000000000006,2630,12,0,2,1,Afternoon
346,225.8,120.19999999999999,2631,13,0,2,1,Afternoon
553,360.2,192.8,2632,14,0,2,1,Afternoon
521,376.0,145.0,2633,15,0,2,1,Afternoon
371,253.2,117.80000000000001,2634,16,0,2,1,Afternoon
277,169.0,108.0,2635,17,0,2,1,Evening
181,145.8,35.19999999999999,2636,18,0,2,1,Evening
104,87.0,17.0,2637,19,0,2,3,Evening
65,56.4,8.600000000000001,2638,20,0,2,3,Evening
26,11.6,14.4,2639,21,0,2,3,Evening
6,9.8,3.8000000000000007,2640,22,0,2,3,Night
5,8.0,3.0,2641,23,0,2,3,Night
4,7.2,3.2,2642,0,1,2,3,Night
5,8.4,3.4000000000000004,2643,1,1,2,1,Night
31,20.0,11.0,2644,2,1,2,1,Night
100,85.2,14.799999999999997,2645,3,1,2,2,Night
293,202.8,90.19999999999999,2646,4,1,2,2,Night
500,257.8,242.2,2647,5,1,2,2,Morning
268,205.2,62.80000000000001,2648,6,1,2,2,Morning
57,58.6,1.6000000000000014,2649,7,1,2,2,Morning
65,38.0,27.0,2650,8,1,2,1,Morning
76,54.2,21.799999999999997,2651,9,1,2,1,Morning
77,74.0,3.0,2652,10,1,2,1,Morning
94,41.0,53.0,2653,11,1,2,1,Morning
155,104.8,50.2,2654,12,1,2,1,Afternoon
257,106.2,150.8,2655,13,1,2,1,Afternoon
527,325.6,201.39999999999998,2656,14,1,2,1,Afternoon
482,362.8,119.19999999999999,2657,15,1,2,1,Afternoon
350,236.0,114.0,2658,16,1,2,1,Afternoon
232,140.2,91.80000000000001,2659,17,1,2,1,Evening
185,88.2,96.8,2660,18,1,2,1,Evening
97,63.6,33.4,2661,19,1,2,1,Evening
67,24.6,42.4,2662,20,1,2,1,Evening
23,16.2,6.800000000000001,2663,21,1,2,1,Evening
12,7.8,4.2,2664,22,1,2,1,Night
1,5.0,4.0,2665,23,1,2,1,Night
3,4.0,1.0,2666,0,1,2,1,Night
4,4.2,0.20000000000000018,2667,1,1,2,1,Night
39,23.4,15.600000000000001,2668,2,1,2,1,Night
136,103.2,32.8,2669,3,1,2,1,Night
409,249.6,159.4,2670,4,1,2,1,Night
692,533.4,158.60000000000002,2671,5,1,2,1,Morning
322,221.6,100.4,2672,6,1,2,1,Morning
161,124.0,37.0,2673,7,1,2,1,Morning
146,140.2,5.800000000000011,2674,8,1,2,1,Morning
208,165.0,43.0,2675,9,1,2,1,Morning
214,188.6,25.400000000000006,2676,10,1,2,1,Morning
176,151.8,24.19999999999999,2677,11,1,2,1,Morning
179,180.0,1.0,2678,12,1,2,1,Afternoon
325,250.8,74.19999999999999,2679,13,1,2,1,Afternoon
563,414.4,148.60000000000002,2680,14,1,2,1,Afternoon
542,366.8,175.2,2681,15,1,2,1,Afternoon
387,270.6,116.39999999999998,2682,16,1,2,1,Afternoon
263,177.0,86.0,2683,17,1,2,1,Evening
223,139.2,83.80000000000001,2684,18,1,2,1,Evening
154,96.2,57.8,2685,19,1,2,1,Evening
78,56.4,21.6,2686,20,1,2,1,Evening
29,37.0,8.0,2687,21,1,2,1,Evening
16,12.4,3.5999999999999996,2688,22,1,2,2,Night
7,5.4,1.5999999999999996,2689,23,1,2,2,Night
7,4.8,2.2,2690,0,1,2,1,Night
42,21.2,20.8,2691,1,1,2,1,Night
121,80.2,40.8,2692,2,1,2,1,Night
362,215.4,146.6,2693,3,1,2,2,Night
679,372.2,306.8,2694,4,1,2,1,Night
299,198.0,101.0,2695,5,1,2,2,Morning
178,99.6,78.4,2696,6,1,2,1,Morning
163,138.4,24.599999999999994,2697,7,1,2,2,Morning
236,181.6,54.400000000000006,2698,8,1,2,2,Morning
224,200.2,23.80000000000001,2699,9,1,2,2,Morning
187,140.0,47.0,2700,10,1,2,2,Morning
220,129.8,90.19999999999999,2701,11,1,2,2,Morning
370,219.8,150.2,2702,12,1,2,1,Afternoon
561,343.8,217.2,2703,13,1,2,1,Afternoon
537,336.0,201.0,2704,14,1,2,1,Afternoon
344,239.6,104.4,2705,15,1,2,1,Afternoon
252,176.0,76.0,2706,16,1,2,1,Afternoon
208,135.6,72.4,2707,17,1,2,3,Evening
151,59.6,91.4,2708,18,1,2,3,Evening
130,69.6,60.400000000000006,2709,19,1,2,1,Evening
52,31.6,20.4,2710,20,1,2,1,Evening
19,18.4,0.6000000000000014,2711,21,1,2,1,Evening
12,9.6,2.4000000000000004,2712,22,1,2,2,Night
4,5.0,1.0,2713,23,1,2,2,Night
3,6.0,3.0,2714,0,1,2,1,Night
40,20.6,19.4,2715,1,1,2,2,Night
106,77.8,28.200000000000003,2716,2,1,2,2,Night
352,188.6,163.4,2717,3,1,2,2,Night
729,322.2,406.8,2718,4,1,2,2,Night
330,141.8,188.2,2719,5,1,2,2,Morning
169,108.8,60.2,2720,6,1,2,2,Morning
201,181.4,19.599999999999994,2721,7,1,2,2,Morning
268,219.2,48.80000000000001,2722,8,1,2,2,Morning
262,209.8,52.19999999999999,2723,9,1,2,3,Morning
251,177.0,74.0,2724,10,1,2,2,Morning
296,217.0,79.0,2725,11,1,2,2,Morning
405,271.0,134.0,2726,12,1,2,2,Afternoon
582,347.6,234.39999999999998,2727,13,1,2,2,Afternoon
509,247.0,262.0,2728,14,1,2,1,Afternoon
377,244.8,132.2,2729,15,1,2,1,Afternoon
245,154.8,90.19999999999999,2730,16,1,2,1,Afternoon
183,128.6,54.400000000000006,2731,17,1,2,1,Evening
163,78.8,84.2,2732,18,1,2,1,Evening
110,34.8,75.2,2733,19,1,2,1,Evening
108,72.4,35.599999999999994,2734,20,1,2,1,Evening
69,57.2,11.799999999999997,2735,21,1,2,1,Evening
50,38.2,11.799999999999997,2736,22,1,2,1,Night
15,36.4,21.4,2737,23,1,2,1,Night
5,23.0,18.0,2738,0,1,2,1,Night
13,17.8,4.800000000000001,2739,1,1,2,1,Night
27,8.2,18.8,2740,2,1,2,1,Night
63,26.8,36.2,2741,3,1,2,1,Night
144,73.0,71.0,2742,4,1,2,1,Night
193,90.6,102.4,2743,5,1,2,1,Morning
256,160.2,95.80000000000001,2744,6,1,2,1,Morning
392,203.4,188.6,2745,7,1,2,1,Morning
446,189.6,256.4,2746,8,1,2,1,Morning
509,257.4,251.60000000000002,2747,9,1,2,1,Morning
479,199.8,279.2,2748,10,1,2,1,Morning
484,293.6,190.39999999999998,2749,11,1,2,1,Morning
443,254.4,188.6,2750,12,1,2,1,Afternoon
320,205.0,115.0,2751,13,1,2,1,Afternoon
297,141.2,155.8,2752,14,1,2,1,Afternoon
249,140.8,108.19999999999999,2753,15,1,2,2,Afternoon
198,161.4,36.599999999999994,2754,16,1,2,2,Afternoon
158,97.2,60.8,2755,17,1,2,2,Evening
147,86.8,60.2,2756,18,1,2,1,Evening
126,77.4,48.599999999999994,2757,19,1,2,1,Evening
117,67.4,49.599999999999994,2758,20,1,2,1,Evening
94,59.0,35.0,2759,21,1,2,1,Evening
74,46.4,27.6,2760,22,1,2,1,Night
25,29.6,4.600000000000001,2761,23,1,2,2,Night
7,8.4,1.4000000000000004,2762,0,0,2,2,Night
8,11.6,3.5999999999999996,2763,1,0,2,2,Night
16,23.6,7.600000000000001,2764,2,0,2,2,Night
31,33.2,2.200000000000003,2765,3,0,2,2,Night
93,85.6,7.400000000000006,2766,4,0,2,2,Night
172,166.6,5.400000000000006,2767,5,0,2,1,Morning
293,201.6,91.4,2768,6,0,2,1,Morning
355,288.6,66.39999999999998,2769,7,0,2,1,Morning
520,377.0,143.0,2770,8,0,2,1,Morning
431,258.0,173.0,2771,9,0,2,1,Morning
473,305.0,168.0,2772,10,0,2,1,Morning
417,372.0,45.0,2773,11,0,2,1,Morning
443,356.8,86.19999999999999,2774,12,0,2,1,Afternoon
303,204.0,99.0,2775,13,0,2,1,Afternoon
203,156.0,47.0,2776,14,0,2,1,Afternoon
174,154.0,20.0,2777,15,0,2,1,Afternoon
154,127.8,26.200000000000003,2778,16,0,2,1,Afternoon
99,106.2,7.200000000000003,2779,17,0,2,1,Evening
96,68.4,27.599999999999994,2780,18,0,2,1,Evening
51,46.2,4.799999999999997,2781,19,0,2,1,Evening
21,51.8,30.799999999999997,2782,20,0,2,1,Evening
13,14.4,1.4000000000000004,2783,21,0,2,1,Evening
10,9.8,0.1999999999999993,2784,22,0,2,1,Night
8,6.4,1.5999999999999996,2785,23,0,2,1,Night
5,7.0,2.0,2786,0,0,2,1,Night
38,36.6,1.3999999999999986,2787,1,0,2,1,Night
138,78.2,59.8,2788,2,0,2,1,Night
396,290.8,105.19999999999999,2789,3,0,2,1,Night
731,419.2,311.8,2790,4,0,2,1,Night
308,277.4,30.600000000000023,2791,5,0,2,1,Morning
136,105.4,30.599999999999994,2792,6,0,2,2,Morning
233,127.4,105.6,2793,7,0,2,2,Morning
268,212.8,55.19999999999999,2794,8,0,2,2,Morning
321,204.0,117.0,2795,9,0,2,2,Morning
260,213.4,46.599999999999994,2796,10,0,2,2,Morning
268,184.0,84.0,2797,11,0,2,1,Morning
442,311.4,130.60000000000002,2798,12,0,2,2,Afternoon
708,548.2,159.79999999999995,2799,13,0,2,2,Afternoon
692,417.8,274.2,2800,14,0,2,2,Afternoon
471,284.0,187.0,2801,15,0,2,2,Afternoon
300,179.6,120.4,2802,16,0,2,2,Afternoon
221,152.2,68.80000000000001,2803,17,0,2,2,Evening
144,77.6,66.4,2804,18,0,2,2,Evening
102,47.6,54.4,2805,19,0,2,2,Evening
55,22.0,33.0,2806,20,0,2,2,Evening
25,10.8,14.2,2807,21,0,2,2,Evening
8,9.2,1.1999999999999993,2808,22,0,2,2,Night
4,3.6,0.3999999999999999,2809,23,0,2,1,Night
7,3.2,3.8,2810,0,1,2,1,Night
46,18.6,27.4,2811,1,1,2,1,Night
153,78.2,74.8,2812,2,1,2,2,Night
502,293.2,208.8,2813,3,1,2,1,Night
721,415.6,305.4,2814,4,1,2,1,Night
336,239.0,97.0,2815,5,1,2,2,Morning
156,122.2,33.8,2816,6,1,2,1,Morning
207,151.4,55.599999999999994,2817,7,1,2,2,Morning
312,220.4,91.6,2818,8,1,2,2,Morning
272,169.0,103.0,2819,9,1,2,2,Morning
270,175.4,94.6,2820,10,1,2,2,Morning
300,245.4,54.599999999999994,2821,11,1,2,1,Morning
435,315.6,119.39999999999998,2822,12,1,2,1,Afternoon
743,516.8,226.20000000000005,2823,13,1,2,2,Afternoon
731,525.8,205.20000000000005,2824,14,1,2,1,Afternoon
460,358.4,101.60000000000002,2825,15,1,2,1,Afternoon
306,232.6,73.4,2826,16,1,2,1,Afternoon
280,174.4,105.6,2827,17,1,2,1,Evening
181,68.8,112.2,2828,18,1,2,2,Evening
96,84.4,11.599999999999994,2829,19,1,2,2,Evening
37,64.8,27.799999999999997,2830,20,1,2,2,Evening
11,33.8,22.799999999999997,2831,21,1,2,2,Evening
9,27.0,18.0,2832,22,1,2,2,Night
7,4.2,2.8,2833,23,1,2,2,Night
10,51.0,41.0,2834,0,1,2,2,Night
49,28.2,20.8,2835,1,1,2,2,Night
124,119.8,4.200000000000003,2836,2,1,2,2,Night
398,243.0,155.0,2837,3,1,2,1,Night
759,361.2,397.8,2838,4,1,2,1,Night
388,292.2,95.80000000000001,2839,5,1,2,1,Morning
141,140.4,0.5999999999999943,2840,6,1,2,2,Morning
172,129.4,42.599999999999994,2841,7,1,2,2,Morning
232,192.4,39.599999999999994,2842,8,1,2,2,Morning
214,165.4,48.599999999999994,2843,9,1,2,2,Morning
218,192.4,25.599999999999994,2844,10,1,2,2,Morning
285,163.2,121.80000000000001,2845,11,1,2,2,Morning
377,230.8,146.2,2846,12,1,2,2,Afternoon
605,474.2,130.8,2847,13,1,2,2,Afternoon
609,425.8,183.2,2848,14,1,2,2,Afternoon
414,293.4,120.60000000000002,2849,15,1,2,2,Afternoon
293,158.6,134.4,2850,16,1,2,1,Afternoon
198,127.6,70.4,2851,17,1,2,1,Evening
105,102.2,2.799999999999997,2852,18,1,2,1,Evening
74,59.2,14.799999999999997,2853,19,1,2,1,Evening
44,9.4,34.6,2854,20,1,2,1,Evening
16,9.4,6.6,2855,21,1,2,2,Evening
9,4.4,4.6,2856,22,1,2,2,Night
2,3.0,1.0,2857,23,1,2,2,Night
9,5.6,3.4000000000000004,2858,0,1,2,3,Night
32,62.8,30.799999999999997,2859,1,1,2,3,Night
124,78.8,45.2,2860,2,1,2,3,Night
389,336.8,52.19999999999999,2861,3,1,2,3,Night
659,319.8,339.2,2862,4,1,2,3,Night
276,232.8,43.19999999999999,2863,5,1,2,3,Morning
145,85.2,59.8,2864,6,1,2,3,Morning
178,86.0,92.0,2865,7,1,2,3,Morning
235,178.0,57.0,2866,8,1,2,3,Morning
245,201.4,43.599999999999994,2867,9,1,2,3,Morning
212,156.4,55.599999999999994,2868,10,1,2,2,Morning
270,173.4,96.6,2869,11,1,2,1,Morning
331,232.2,98.80000000000001,2870,12,1,2,2,Afternoon
617,356.2,260.8,2871,13,1,2,2,Afternoon
565,313.6,251.39999999999998,2872,14,1,2,1,Afternoon
373,262.0,111.0,2873,15,1,2,1,Afternoon
227,166.2,60.80000000000001,2874,16,1,2,1,Afternoon
191,130.0,61.0,2875,17,1,2,1,Evening
133,65.2,67.8,2876,18,1,2,1,Evening
93,55.0,38.0,2877,19,1,2,1,Evening
48,29.4,18.6,2878,20,1,2,1,Evening
28,56.0,28.0,2879,21,1,2,1,Evening
11,42.0,31.0,2880,22,1,2,1,Night
5,3.2,1.7999999999999998,2881,23,1,2,1,Night
10,10.4,0.40000000000000036,2882,0,1,2,1,Night
26,40.8,14.799999999999997,2883,1,1,2,1,Night
84,80.6,3.4000000000000057,2884,2,1,2,1,Night
215,181.4,33.599999999999994,2885,3,1,2,1,Night
441,415.6,25.399999999999977,2886,4,1,2,1,Night
301,246.4,54.599999999999994,2887,5,1,2,1,Morning
166,120.6,45.400000000000006,2888,6,1,2,1,Morning
203,142.8,60.19999999999999,2889,7,1,2,1,Morning
240,210.6,29.400000000000006,2890,8,1,2,1,Morning
220,172.0,48.0,2891,9,1,2,1,Morning
215,111.8,103.2,2892,10,1,2,1,Morning
303,158.2,144.8,2893,11,1,2,1,Morning
375,229.2,145.8,2894,12,1,2,1,Afternoon
568,352.4,215.60000000000002,2895,13,1,2,1,Afternoon
498,348.6,149.39999999999998,2896,14,1,2,1,Afternoon
352,259.6,92.39999999999998,2897,15,1,2,1,Afternoon
241,132.0,109.0,2898,16,1,2,1,Afternoon
171,135.4,35.599999999999994,2899,17,1,2,1,Evening
165,108.6,56.400000000000006,2900,18,1,2,1,Evening
122,74.0,48.0,2901,19,1,2,1,Evening
103,55.0,48.0,2902,20,1,2,1,Evening
100,63.0,37.0,2903,21,1,2,1,Evening
70,62.8,7.200000000000003,2904,22,1,2,1,Night
29,30.8,1.8000000000000007,2905,23,1,2,1,Night
12,35.4,23.4,2906,0,1,2,1,Night
6,4.4,1.5999999999999996,2907,1,1,2,1,Night
20,16.0,4.0,2908,2,1,2,1,Night
39,48.8,9.799999999999997,2909,3,1,2,1,Night
111,128.0,17.0,2910,4,1,2,1,Night
170,149.4,20.599999999999994,2911,5,1,2,1,Morning
287,301.0,14.0,2912,6,1,2,1,Morning
404,307.4,96.60000000000002,2913,7,1,2,1,Morning
486,273.4,212.60000000000002,2914,8,1,2,1,Morning
547,314.6,232.39999999999998,2915,9,1,2,1,Morning
542,318.6,223.39999999999998,2916,10,1,2,2,Morning
541,337.4,203.60000000000002,2917,11,1,2,2,Morning
507,327.0,180.0,2918,12,1,2,1,Afternoon
345,170.2,174.8,2919,13,1,2,1,Afternoon
304,153.8,150.2,2920,14,1,2,1,Afternoon
246,221.6,24.400000000000006,2921,15,1,2,1,Afternoon
182,93.4,88.6,2922,16,1,2,1,Afternoon
209,89.4,119.6,2923,17,1,2,1,Evening
160,87.8,72.2,2924,18,1,2,3,Evening
162,57.6,104.4,2925,19,1,2,3,Evening
118,95.6,22.400000000000006,2926,20,1,2,1,Evening
102,70.6,31.400000000000006,2927,21,1,2,1,Evening
78,72.4,5.599999999999994,2928,22,1,2,1,Night
48,25.4,22.6,2929,23,1,2,1,Night
12,9.6,2.4000000000000004,2930,0,0,2,1,Night
8,8.0,0.0,2931,1,0,2,1,Night
6,16.2,10.2,2932,2,0,2,1,Night
23,35.2,12.200000000000003,2933,3,0,2,1,Night
69,106.2,37.2,2934,4,0,2,1,Night
103,168.2,65.19999999999999,2935,5,0,2,1,Morning
219,236.6,17.599999999999994,2936,6,0,2,1,Morning
250,337.6,87.60000000000002,2937,7,0,2,1,Morning
315,391.6,76.60000000000002,2938,8,0,2,1,Morning
285,371.4,86.39999999999998,2939,9,0,2,1,Morning
232,409.2,177.2,2940,10,0,2,1,Morning
225,207.6,17.400000000000006,2941,11,0,2,1,Morning
253,199.0,54.0,2942,12,0,2,1,Afternoon
229,167.2,61.80000000000001,2943,13,0,2,1,Afternoon
198,131.0,67.0,2944,14,0,2,3,Afternoon
122,158.0,36.0,2945,15,0,2,1,Afternoon
108,109.0,1.0,2946,16,0,2,1,Afternoon
96,111.0,15.0,2947,17,0,2,1,Evening
78,53.6,24.4,2948,18,0,2,1,Evening
51,48.0,3.0,2949,19,0,2,1,Evening
20,15.0,5.0,2950,20,0,2,1,Evening
4,41.2,37.2,2951,21,0,2,1,Evening
5,37.2,32.2,2952,22,0,2,1,Night
4,35.2,31.200000000000003,2953,23,0,2,1,Night
12,36.8,24.799999999999997,2954,0,0,2,2,Night
27,55.2,28.200000000000003,2955,1,0,2,2,Night
123,100.0,23.0,2956,2,0,2,1,Night
294,240.0,54.0,2957,3,0,2,1,Night
584,425.8,158.2,2958,4,0,2,1,Night
284,194.2,89.80000000000001,2959,5,0,2,2,Morning
133,127.2,5.799999999999997,2960,6,0,2,2,Morning
134,74.8,59.2,2961,7,0,2,2,Morning
173,44.2,128.8,2962,8,0,2,1,Morning
220,73.6,146.4,2963,9,0,2,1,Morning
210,150.8,59.19999999999999,2964,10,0,2,1,Morning
236,181.2,54.80000000000001,2965,11,0,2,1,Morning
345,187.8,157.2,2966,12,0,2,1,Afternoon
616,462.4,153.60000000000002,2967,13,0,2,1,Afternoon
564,281.0,283.0,2968,14,0,2,1,Afternoon
427,480.2,53.19999999999999,2969,15,0,2,1,Afternoon
300,178.8,121.19999999999999,2970,16,0,2,1,Afternoon
245,153.4,91.6,2971,17,0,2,3,Evening
126,106.4,19.599999999999994,2972,18,0,2,1,Evening
84,51.8,32.2,2973,19,0,2,1,Evening
31,32.4,1.3999999999999986,2974,20,0,2,1,Evening
8,51.0,43.0,2975,21,0,2,1,Evening
1,13.2,12.2,2976,22,0,2,1,Night
3,5.8,2.8,2977,23,0,2,1,Night
8,7.2,0.7999999999999998,2978,0,1,2,1,Night
41,17.4,23.6,2979,1,1,2,1,Night
118,80.6,37.400000000000006,2980,2,1,2,1,Night
380,328.2,51.80000000000001,2981,3,1,2,1,Night
724,282.6,441.4,2982,4,1,2,1,Night
334,246.4,87.6,2983,5,1,2,1,Morning
154,122.6,31.400000000000006,2984,6,1,2,1,Morning
173,123.6,49.400000000000006,2985,7,1,2,1,Morning
226,156.8,69.19999999999999,2986,8,1,2,1,Morning
254,157.8,96.19999999999999,2987,9,1,2,1,Morning
204,151.2,52.80000000000001,2988,10,1,2,1,Morning
270,165.4,104.6,2989,11,1,2,1,Morning
358,206.4,151.6,2990,12,1,2,1,Afternoon
601,371.2,229.8,2991,13,1,2,1,Afternoon
546,346.4,199.60000000000002,2992,14,1,2,1,Afternoon
433,301.0,132.0,2993,15,1,2,1,Afternoon
257,185.2,71.80000000000001,2994,16,1,2,1,Afternoon
207,140.4,66.6,2995,17,1,2,1,Evening
106,107.4,1.4000000000000057,2996,18,1,2,1,Evening
64,76.2,12.200000000000003,2997,19,1,2,1,Evening
34,40.8,6.799999999999997,2998,20,1,2,1,Evening
21,28.4,7.399999999999999,2999,21,1,2,1,Evening
9,24.6,15.600000000000001,3000,22,1,2,1,Night
10,32.2,22.200000000000003,3001,23,1,2,1,Night
4,7.8,3.8,3002,0,1,2,1,Night
37,22.8,14.2,3003,1,1,2,1,Night
128,64.4,63.599999999999994,3004,2,1,2,1,Night
369,266.0,103.0,3005,3,1,2,1,Night
688,386.6,301.4,3006,4,1,2,1,Night
285,249.4,35.599999999999994,3007,5,1,2,1,Morning
136,122.0,14.0,3008,6,1,2,1,Morning
172,142.4,29.599999999999994,3009,7,1,2,2,Morning
232,168.0,64.0,3010,8,1,2,2,Morning
238,152.2,85.80000000000001,3011,9,1,2,2,Morning
225,168.0,57.0,3012,10,1,2,2,Morning
228,165.6,62.400000000000006,3013,11,1,2,2,Morning
329,182.0,147.0,3014,12,1,2,2,Afternoon
561,362.4,198.60000000000002,3015,13,1,2,2,Afternoon
540,327.6,212.39999999999998,3016,14,1,2,2,Afternoon
402,280.4,121.60000000000002,3017,15,1,2,2,Afternoon
268,180.0,88.0,3018,16,1,2,1,Afternoon
202,149.6,52.400000000000006,3019,17,1,2,1,Evening
122,103.2,18.799999999999997,3020,18,1,2,1,Evening
79,60.6,18.4,3021,19,1,2,1,Evening
32,17.6,14.399999999999999,3022,20,1,2,1,Evening
23,10.4,12.6,3023,21,1,2,1,Evening
8,9.2,1.1999999999999993,3024,22,1,2,1,Night
2,7.4,5.4,3025,23,1,2,2,Night
8,7.0,1.0,3026,0,1,2,2,Night
33,22.8,10.2,3027,1,1,2,2,Night
114,78.0,36.0,3028,2,1,2,1,Night
385,294.8,90.19999999999999,3029,3,1,2,1,Night
679,406.2,272.8,3030,4,1,2,2,Night
325,272.0,53.0,3031,5,1,2,1,Morning
167,108.6,58.400000000000006,3032,6,1,2,1,Morning
189,129.8,59.19999999999999,3033,7,1,2,1,Morning
282,149.0,133.0,3034,8,1,2,1,Morning
271,173.4,97.6,3035,9,1,2,1,Morning
242,162.6,79.4,3036,10,1,2,1,Morning
280,166.0,114.0,3037,11,1,2,1,Morning
406,208.0,198.0,3038,12,1,2,1,Afternoon
550,356.2,193.8,3039,13,1,2,1,Afternoon
466,340.0,126.0,3040,14,1,2,1,Afternoon
348,272.4,75.60000000000002,3041,15,1,2,1,Afternoon
241,181.2,59.80000000000001,3042,16,1,2,1,Afternoon
213,168.6,44.400000000000006,3043,17,1,2,1,Evening
148,77.0,71.0,3044,18,1,2,1,Evening
120,68.4,51.599999999999994,3045,19,1,2,1,Evening
47,29.4,17.6,3046,20,1,2,1,Evening
26,19.6,6.399999999999999,3047,21,1,2,1,Evening
9,14.8,5.800000000000001,3048,22,1,2,1,Night
12,11.0,1.0,3049,23,1,2,1,Night
10,9.6,0.40000000000000036,3050,0,1,2,2,Night
34,27.0,7.0,3051,1,1,2,1,Night
113,61.0,52.0,3052,2,1,2,1,Night
308,182.6,125.4,3053,3,1,2,1,Night
636,375.2,260.8,3054,4,1,2,1,Night
343,244.0,99.0,3055,5,1,2,1,Morning
190,118.2,71.8,3056,6,1,2,1,Morning
211,142.0,69.0,3057,7,1,2,1,Morning
273,176.8,96.19999999999999,3058,8,1,2,1,Morning
313,194.6,118.4,3059,9,1,2,2,Morning
299,162.4,136.6,3060,10,1,2,2,Morning
309,184.4,124.6,3061,11,1,2,1,Morning
417,236.2,180.8,3062,12,1,2,1,Afternoon
622,318.6,303.4,3063,13,1,2,2,Afternoon
455,366.8,88.19999999999999,3064,14,1,2,2,Afternoon
319,240.0,79.0,3065,15,1,2,2,Afternoon
221,172.0,49.0,3066,16,1,2,2,Afternoon
172,133.0,39.0,3067,17,1,2,2,Evening
138,83.8,54.2,3068,18,1,2,1,Evening
134,63.0,71.0,3069,19,1,2,2,Evening
94,72.4,21.599999999999994,3070,20,1,2,1,Evening
95,46.2,48.8,3071,21,1,2,1,Evening
69,49.6,19.4,3072,22,1,2,1,Night
23,23.8,0.8000000000000007,3073,23,1,2,2,Night
6,31.2,25.2,3074,0,1,2,2,Night
3,9.4,6.4,3075,1,1,2,1,Night
11,9.6,1.4000000000000004,3076,2,1,2,2,Night
48,18.8,29.2,3077,3,1,2,2,Night
119,69.8,49.2,3078,4,1,2,3,Night
220,71.4,148.6,3079,5,1,2,2,Morning
273,148.2,124.80000000000001,3080,6,1,2,3,Morning
393,256.4,136.60000000000002,3081,7,1,2,3,Morning
453,334.0,119.0,3082,8,1,2,2,Morning
456,349.0,107.0,3083,9,1,2,2,Morning
426,356.8,69.19999999999999,3084,10,1,2,2,Morning
447,327.0,120.0,3085,11,1,2,2,Morning
413,301.6,111.39999999999998,3086,12,1,2,2,Afternoon
309,209.0,100.0,3087,13,1,2,2,Afternoon
272,180.0,92.0,3088,14,1,2,2,Afternoon
257,137.2,119.80000000000001,3089,15,1,2,2,Afternoon
201,142.6,58.400000000000006,3090,16,1,2,2,Afternoon
184,146.2,37.80000000000001,3091,17,1,2,3,Evening
156,62.8,93.2,3092,18,1,2,3,Evening
119,57.4,61.6,3093,19,1,2,2,Evening
110,79.0,31.0,3094,20,1,2,2,Evening
96,48.8,47.2,3095,21,1,2,2,Evening
87,60.4,26.6,3096,22,1,2,2,Night
38,25.4,12.600000000000001,3097,23,1,2,3,Night
11,8.4,2.5999999999999996,3098,0,0,2,2,Night
9,7.4,1.5999999999999996,3099,1,0,2,2,Night
6,52.8,46.8,3100,2,0,2,2,Night
27,34.8,7.799999999999997,3101,3,0,2,2,Night
88,97.8,9.799999999999997,3102,4,0,2,2,Night
132,173.4,41.400000000000006,3103,5,0,2,2,Morning
257,236.6,20.400000000000006,3104,6,0,2,2,Morning
295,316.8,21.80000000000001,3105,7,0,2,3,Morning
417,391.6,25.399999999999977,3106,8,0,2,3,Morning
356,401.2,45.19999999999999,3107,9,0,2,2,Morning
310,415.0,105.0,3108,10,0,2,2,Morning
338,380.0,42.0,3109,11,0,2,2,Morning
400,383.8,16.19999999999999,3110,12,0,2,3,Afternoon
243,154.0,89.0,3111,13,0,2,3,Afternoon
107,155.8,48.80000000000001,3112,14,0,2,2,Afternoon
109,153.0,44.0,3113,15,0,2,2,Afternoon
122,140.4,18.400000000000006,3114,16,0,2,2,Afternoon
106,109.4,3.4000000000000057,3115,17,0,2,2,Evening
89,55.4,33.6,3116,18,0,2,2,Evening
33,31.6,1.3999999999999986,3117,19,0,2,3,Evening
28,45.6,17.6,3118,20,0,2,3,Evening
15,41.8,26.799999999999997,3119,21,0,2,3,Evening
5,36.8,31.799999999999997,3120,22,0,2,3,Night
3,34.8,31.799999999999997,3121,23,0,2,3,Night
5,4.4,0.5999999999999996,3122,0,0,2,2,Night
24,56.2,32.2,3123,1,0,2,2,Night
108,95.0,13.0,3124,2,0,2,2,Night
319,268.0,51.0,3125,3,0,2,2,Night
592,355.4,236.60000000000002,3126,4,0,2,2,Night
282,211.8,70.19999999999999,3127,5,0,2,3,Morning
135,104.6,30.400000000000006,3128,6,0,2,2,Morning
170,114.8,55.2,3129,7,0,2,2,Morning
232,133.6,98.4,3130,8,0,2,2,Morning
210,154.6,55.400000000000006,3131,9,0,2,1,Morning
181,148.2,32.80000000000001,3132,10,0,2,1,Morning
211,147.6,63.400000000000006,3133,11,0,2,1,Morning
302,77.6,224.4,3134,12,0,2,1,Afternoon
495,325.0,170.0,3135,13,0,2,1,Afternoon
507,318.2,188.8,3136,14,0,2,1,Afternoon
340,262.0,78.0,3137,15,0,2,1,Afternoon
200,198.2,1.8000000000000114,3138,16,0,2,1,Afternoon
120,149.8,29.80000000000001,3139,17,0,2,3,Evening
54,90.6,36.599999999999994,3140,18,0,2,1,Evening
47,38.6,8.399999999999999,3141,19,0,2,1,Evening
18,16.4,1.6000000000000014,3142,20,0,2,1,Evening
15,8.4,6.6,3143,21,0,2,1,Evening
7,10.8,3.8000000000000007,3144,22,0,2,1,Night
5,3.4,1.6,3145,23,0,2,1,Night
8,5.8,2.2,3146,0,1,2,1,Night
36,22.8,13.2,3147,1,1,2,1,Night
118,97.0,21.0,3148,2,1,2,1,Night
355,275.0,80.0,3149,3,1,2,1,Night
662,421.6,240.39999999999998,3150,4,1,2,1,Night
326,225.4,100.6,3151,5,1,2,1,Morning
184,125.0,59.0,3152,6,1,2,1,Morning
269,148.6,120.4,3153,7,1,2,1,Morning
313,173.0,140.0,3154,8,1,2,1,Morning
286,164.2,121.80000000000001,3155,9,1,2,1,Morning
247,155.2,91.80000000000001,3156,10,1,2,1,Morning
246,173.8,72.19999999999999,3157,11,1,2,1,Morning
363,235.0,128.0,3158,12,1,2,1,Afternoon
572,485.4,86.60000000000002,3159,13,1,2,1,Afternoon
525,405.8,119.19999999999999,3160,14,1,2,1,Afternoon
353,286.2,66.80000000000001,3161,15,1,2,1,Afternoon
268,180.8,87.19999999999999,3162,16,1,2,3,Afternoon
168,140.4,27.599999999999994,3163,17,1,2,1,Evening
132,85.0,47.0,3164,18,1,2,3,Evening
81,59.6,21.4,3165,19,1,2,1,Evening
41,16.6,24.4,3166,20,1,2,1,Evening
15,36.0,21.0,3167,21,1,2,1,Evening
3,33.0,30.0,3168,22,1,2,1,Night
5,11.6,6.6,3169,23,1,2,1,Night
7,11.8,4.800000000000001,3170,0,1,2,2,Night
31,25.4,5.600000000000001,3171,1,1,2,3,Night
112,78.2,33.8,3172,2,1,2,3,Night
363,257.8,105.19999999999999,3173,3,1,2,3,Night
678,493.0,185.0,3174,4,1,2,3,Night
317,248.4,68.6,3175,5,1,2,3,Morning
164,124.0,40.0,3176,6,1,2,3,Morning
200,125.8,74.2,3177,7,1,2,2,Morning
236,171.6,64.4,3178,8,1,2,2,Morning
213,175.2,37.80000000000001,3179,9,1,2,2,Morning
218,154.6,63.400000000000006,3180,10,1,2,3,Morning
237,156.0,81.0,3181,11,1,2,2,Morning
334,247.2,86.80000000000001,3182,12,1,2,3,Afternoon
562,445.2,116.80000000000001,3183,13,1,2,2,Afternoon
569,349.8,219.2,3184,14,1,2,1,Afternoon
336,293.4,42.60000000000002,3185,15,1,2,1,Afternoon
241,204.8,36.19999999999999,3186,16,1,2,1,Afternoon
168,154.0,14.0,3187,17,1,2,1,Evening
129,104.4,24.599999999999994,3188,18,1,2,1,Evening
88,69.2,18.799999999999997,3189,19,1,2,1,Evening
42,54.8,12.799999999999997,3190,20,1,2,1,Evening
20,29.4,9.399999999999999,3191,21,1,2,1,Evening
8,26.4,18.4,3192,22,1,2,2,Night
4,7.4,3.4000000000000004,3193,23,1,2,2,Night
6,8.2,2.1999999999999993,3194,0,1,2,2,Night
35,24.8,10.2,3195,1,1,2,2,Night
118,90.8,27.200000000000003,3196,2,1,2,3,Night
350,260.4,89.60000000000002,3197,3,1,2,3,Night
599,418.6,180.39999999999998,3198,4,1,2,3,Night
317,260.0,57.0,3199,5,1,2,1,Morning
161,112.2,48.8,3200,6,1,2,1,Morning
190,94.0,96.0,3201,7,1,2,1,Morning
212,143.6,68.4,3202,8,1,2,1,Morning
217,155.0,62.0,3203,9,1,2,3,Morning
214,131.6,82.4,3204,10,1,2,3,Morning
249,149.4,99.6,3205,11,1,2,2,Morning
302,183.6,118.4,3206,12,1,2,1,Afternoon
475,365.0,110.0,3207,13,1,2,2,Afternoon
381,329.2,51.80000000000001,3208,14,1,2,2,Afternoon
118,234.4,116.4,3209,15,1,2,1,Afternoon
50,164.6,114.6,3210,16,1,2,1,Afternoon
26,134.8,108.80000000000001,3211,17,1,2,1,Evening
21,49.6,28.6,3212,18,1,2,1,Evening
13,53.8,40.8,3213,19,1,2,3,Evening
17,22.2,5.199999999999999,3214,20,1,2,3,Evening
9,11.2,2.1999999999999993,3215,21,1,2,1,Evening
3,6.8,3.8,3216,22,1,2,1,Night
3,5.8,2.8,3217,23,1,2,1,Night
6,12.6,6.6,3218,0,1,2,1,Night
13,22.8,9.8,3219,1,1,2,1,Night
80,93.4,13.400000000000006,3220,2,1,2,1,Night
208,252.8,44.80000000000001,3221,3,1,2,1,Night
472,452.4,19.600000000000023,3222,4,1,2,1,Night
267,319.2,52.19999999999999,3223,5,1,2,1,Morning
154,117.6,36.400000000000006,3224,6,1,2,2,Morning
162,139.6,22.400000000000006,3225,7,1,2,2,Morning
224,162.2,61.80000000000001,3226,8,1,2,2,Morning
240,182.8,57.19999999999999,3227,9,1,2,2,Morning
219,151.4,67.6,3228,10,1,2,2,Morning
263,125.2,137.8,3229,11,1,2,3,Morning
281,158.8,122.19999999999999,3230,12,1,2,2,Afternoon
321,297.2,23.80000000000001,3231,13,1,2,3,Afternoon
243,247.8,4.800000000000011,3232,14,1,2,3,Afternoon
153,220.4,67.4,3233,15,1,2,1,Afternoon
112,138.6,26.599999999999994,3234,16,1,2,1,Afternoon
70,124.4,54.400000000000006,3235,17,1,2,1,Evening
63,100.8,37.8,3236,18,1,2,1,Evening
40,71.6,31.599999999999994,3237,19,1,2,1,Evening
31,104.2,73.2,3238,20,1,2,1,Evening
35,60.0,25.0,3239,21,1,2,1,Evening
23,51.0,28.0,3240,22,1,2,3,Night
7,40.0,33.0,3241,23,1,2,1,Night
5,5.4,0.40000000000000036,3242,0,1,2,1,Night
5,73.6,68.6,3243,1,1,2,1,Night
13,74.0,61.0,3244,2,1,2,1,Night
20,70.4,50.400000000000006,3245,3,1,2,1,Night
29,113.6,84.6,3246,4,1,2,1,Night
90,105.6,15.599999999999994,3247,5,1,2,1,Morning
118,149.4,31.400000000000006,3248,6,1,2,1,Morning
159,199.0,40.0,3249,7,1,2,1,Morning
146,207.0,61.0,3250,8,1,2,1,Morning
158,225.0,67.0,3251,9,1,2,1,Morning
161,263.2,102.19999999999999,3252,10,1,2,1,Morning
153,247.0,94.0,3253,11,1,2,2,Morning
147,251.0,104.0,3254,12,1,2,2,Afternoon
114,169.2,55.19999999999999,3255,13,1,2,3,Afternoon
82,128.0,46.0,3256,14,1,2,1,Afternoon
60,118.6,58.599999999999994,3257,15,1,2,2,Afternoon
61,67.0,6.0,3258,16,1,2,2,Afternoon
53,70.4,17.400000000000006,3259,17,1,2,1,Evening
39,70.8,31.799999999999997,3260,18,1,2,1,Evening
40,74.8,34.8,3261,19,1,2,1,Evening
27,64.4,37.400000000000006,3262,20,1,2,1,Evening
20,39.6,19.6,3263,21,1,2,1,Evening
18,41.4,23.4,3264,22,1,2,1,Night
9,40.2,31.200000000000003,3265,23,1,2,1,Night
4,20.0,16.0,3266,0,0,2,1,Night
6,5.2,0.7999999999999998,3267,1,0,2,1,Night
9,7.2,1.7999999999999998,3268,2,0,2,1,Night
19,24.6,5.600000000000001,3269,3,0,2,1,Night
48,36.8,11.200000000000003,3270,4,0,2,1,Night
56,100.6,44.599999999999994,3271,5,0,2,1,Morning
93,156.6,63.599999999999994,3272,6,0,2,1,Morning
152,206.4,54.400000000000006,3273,7,0,2,1,Morning
196,317.6,121.60000000000002,3274,8,0,2,1,Morning
186,321.6,135.60000000000002,3275,9,0,2,1,Morning
175,325.8,150.8,3276,10,0,2,1,Morning
137,300.8,163.8,3277,11,0,2,1,Morning
190,248.0,58.0,3278,12,0,2,1,Afternoon
114,193.6,79.6,3279,13,0,2,1,Afternoon
93,145.6,52.599999999999994,3280,14,0,2,1,Afternoon
58,64.4,6.400000000000006,3281,15,0,2,1,Afternoon
52,66.4,14.400000000000006,3282,16,0,2,2,Afternoon
42,52.8,10.799999999999997,3283,17,0,2,2,Evening
58,70.8,12.799999999999997,3284,18,0,2,2,Evening
25,36.2,11.200000000000003,3285,19,0,2,1,Evening
12,15.8,3.8000000000000007,3286,20,0,2,1,Evening
11,5.6,5.4,3287,21,0,2,1,Evening
5,3.2,1.7999999999999998,3288,22,0,2,1,Night
3,2.8,0.20000000000000018,3289,23,0,2,1,Night
9,18.0,9.0,3290,0,0,2,1,Night
17,75.8,58.8,3291,1,0,2,1,Night
30,313.8,283.8,3292,2,0,2,1,Night
66,485.6,419.6,3293,3,0,2,1,Night
85,203.0,118.0,3294,4,0,2,1,Night
103,98.2,4.799999999999997,3295,5,0,2,1,Morning
124,99.4,24.599999999999994,3296,6,0,2,1,Morning
135,120.0,15.0,3297,7,0,2,1,Morning
70,45.0,25.0,3298,8,0,2,1,Morning
46,54.0,8.0,3299,9,0,2,1,Morning
33,60.6,27.6,3300,10,0,2,1,Morning
33,70.2,37.2,3301,11,0,2,1,Morning
26,181.4,155.4,3302,12,0,2,2,Afternoon
26,231.2,205.2,3303,13,0,2,2,Afternoon
18,245.2,227.2,3304,14,0,2,3,Afternoon
23,116.0,93.0,3305,15,0,2,2,Afternoon
22,75.0,53.0,3306,16,0,2,1,Afternoon
12,38.8,26.799999999999997,3307,17,0,2,1,Evening
11,16.8,5.800000000000001,3308,18,0,2,1,Evening
13,21.2,8.2,3309,19,0,2,1,Evening
13,27.0,14.0,3310,20,0,2,1,Evening
7,22.0,15.0,3311,21,0,2,1,Evening
1,17.8,16.8,3312,22,0,2,1,Night
3,12.8,9.8,3313,23,0,2,2,Night
7,37.8,30.799999999999997,3314,0,1,2,2,Night
6,18.4,12.399999999999999,3315,1,1,2,1,Night
11,113.6,102.6,3316,2,1,2,3,Night
28,81.8,53.8,3317,3,1,2,3,Night
32,163.6,131.6,3318,4,1,2,2,Night
86,186.4,100.4,3319,5,1,2,2,Morning
114,161.8,47.80000000000001,3320,6,1,2,2,Morning
121,270.2,149.2,3321,7,1,2,2,Morning
126,160.8,34.80000000000001,3322,8,1,2,1,Morning
107,222.0,115.0,3323,9,1,2,1,Morning
86,169.4,83.4,3324,10,1,2,1,Morning
50,126.4,76.4,3325,11,1,2,1,Morning
43,116.0,73.0,3326,12,1,2,1,Afternoon
36,98.0,62.0,3327,13,1,2,2,Afternoon
40,86.2,46.2,3328,14,1,2,2,Afternoon
34,78.6,44.599999999999994,3329,15,1,2,2,Afternoon
19,36.4,17.4,3330,16,1,2,2,Afternoon
30,30.4,0.3999999999999986,3331,17,1,2,3,Evening
9,18.2,9.2,3332,18,1,2,1,Evening
7,6.8,0.20000000000000018,3333,19,1,2,1,Evening
1,5.4,4.4,3334,20,1,2,1,Evening
2,3.0,1.0,3335,21,1,2,1,Evening
2,6.0,4.0,3336,22,1,2,1,Night
11,78.4,67.4,3337,23,1,2,2,Night
36,95.0,59.0,3338,0,1,2,2,Night
26,161.2,135.2,3339,1,1,2,2,Night
31,268.2,237.2,3340,2,1,2,2,Night
23,128.8,105.80000000000001,3341,3,1,2,2,Night
8,69.8,61.8,3342,4,1,2,1,Night
10,81.6,71.6,3343,5,1,2,2,Morning
10,72.8,62.8,3344,6,1,2,2,Morning
15,63.0,48.0,3345,7,1,2,3,Morning
20,54.2,34.2,3346,8,1,2,3,Morning
13,51.6,38.6,3347,9,1,2,2,Morning
13,98.4,85.4,3348,10,1,2,1,Morning
53,106.8,53.8,3349,11,1,2,1,Morning
43,108.6,65.6,3350,12,1,2,1,Afternoon
35,132.0,97.0,3351,13,1,2,1,Afternoon
32,87.4,55.400000000000006,3352,14,1,2,1,Afternoon
20,84.6,64.6,3353,15,1,2,3,Afternoon
11,52.6,41.6,3354,16,1,2,1,Afternoon
10,37.6,27.6,3355,17,1,2,1,Evening
3,10.0,7.0,3356,18,1,2,1,Evening
5,4.0,1.0,3357,19,1,2,1,Evening
2,13.8,11.8,3358,20,1,2,1,Evening
1,11.0,10.0,3359,21,1,2,1,Evening
3,7.6,4.6,3360,22,1,2,3,Night
11,19.6,8.600000000000001,3361,23,1,2,3,Night
45,85.0,40.0,3362,0,1,2,3,Night
90,222.0,132.0,3363,1,1,2,3,Night
208,533.2,325.20000000000005,3364,2,1,2,2,Night
133,247.0,114.0,3365,3,1,2,1,Night
75,117.0,42.0,3366,4,1,2,1,Night
103,119.0,16.0,3367,5,1,2,1,Morning
109,133.0,24.0,3368,6,1,2,1,Morning
118,138.4,20.400000000000006,3369,7,1,2,1,Morning
119,116.8,2.200000000000003,3370,8,1,2,1,Morning
120,118.8,1.2000000000000028,3371,9,1,2,1,Morning
174,193.2,19.19999999999999,3372,10,1,2,1,Morning
257,334.6,77.60000000000002,3373,11,1,2,1,Morning
197,274.4,77.39999999999998,3374,12,1,2,1,Afternoon
117,169.2,52.19999999999999,3375,13,1,2,1,Afternoon
91,134.4,43.400000000000006,3376,14,1,2,1,Afternoon
63,78.2,15.200000000000003,3377,15,1,2,1,Afternoon
44,48.0,4.0,3378,16,1,2,1,Afternoon
26,31.4,5.399999999999999,3379,17,1,2,1,Evening
25,25.8,0.8000000000000007,3380,18,1,2,1,Evening
9,15.8,6.800000000000001,3381,19,1,2,1,Evening
5,8.0,3.0,3382,20,1,2,1,Evening
2,3.8,1.7999999999999998,3383,21,1,2,1,Evening
4,5.0,1.0,3384,22,1,2,1,Night
15,20.2,5.199999999999999,3385,23,1,2,1,Night
51,67.4,16.400000000000006,3386,0,1,2,1,Night
112,182.6,70.6,3387,1,1,2,1,Night
239,336.8,97.80000000000001,3388,2,1,2,1,Night
191,235.6,44.599999999999994,3389,3,1,2,1,Night
162,109.2,52.8,3390,4,1,2,1,Night
178,150.8,27.19999999999999,3391,5,1,2,2,Morning
222,197.4,24.599999999999994,3392,6,1,2,2,Morning
222,179.4,42.599999999999994,3393,7,1,2,2,Morning
261,169.8,91.19999999999999,3394,8,1,2,2,Morning
225,184.4,40.599999999999994,3395,9,1,2,1,Morning
250,246.6,3.4000000000000057,3396,10,1,2,1,Morning
271,190.6,80.4,3397,11,1,2,1,Morning
213,245.6,32.599999999999994,3398,12,1,2,1,Afternoon
128,144.4,16.400000000000006,3399,13,1,2,1,Afternoon
97,107.0,10.0,3400,14,1,2,1,Afternoon
92,77.2,14.799999999999997,3401,15,1,2,2,Afternoon
62,76.2,14.200000000000003,3402,16,1,2,2,Afternoon
59,45.8,13.200000000000003,3403,17,1,2,1,Evening
26,36.6,10.600000000000001,3404,18,1,2,1,Evening
37,44.8,7.799999999999997,3405,19,1,2,1,Evening
19,28.6,9.600000000000001,3406,20,1,2,1,Evening
6,14.6,8.6,3407,21,1,2,1,Evening
3,21.8,18.8,3408,22,1,2,1,Night
3,3.6,0.6000000000000001,3409,23,1,2,1,Night
7,42.6,35.6,3410,0,1,2,1,Night
18,14.8,3.1999999999999993,3411,1,1,2,1,Night
44,106.0,62.0,3412,2,1,2,1,Night
49,172.6,123.6,3413,3,1,2,1,Night
41,166.2,125.19999999999999,3414,4,1,2,1,Night
45,72.4,27.400000000000006,3415,5,1,2,1,Morning
48,56.6,8.600000000000001,3416,6,1,2,1,Morning
84,50.0,34.0,3417,7,1,2,1,Morning
98,197.8,99.80000000000001,3418,8,1,2,1,Morning
129,148.6,19.599999999999994,3419,9,1,2,1,Morning
147,146.2,0.8000000000000114,3420,10,1,2,1,Morning
118,44.4,73.6,3421,11,1,2,2,Morning
110,79.6,30.400000000000006,3422,12,1,2,2,Afternoon
97,87.6,9.400000000000006,3423,13,1,2,1,Afternoon
66,113.8,47.8,3424,14,1,2,1,Afternoon
60,114.8,54.8,3425,15,1,2,1,Afternoon
54,65.4,11.400000000000006,3426,16,1,2,2,Afternoon
32,32.0,0.0,3427,17,1,2,1,Evening
41,31.4,9.600000000000001,3428,18,1,2,2,Evening
28,25.2,2.8000000000000007,3429,19,1,2,3,Evening
19,52.0,33.0,3430,20,1,2,2,Evening
15,25.8,10.8,3431,21,1,2,1,Evening
7,10.2,3.1999999999999993,3432,22,1,2,1,Night
2,6.2,4.2,3433,23,1,2,1,Night
8,49.2,41.2,3434,0,0,2,1,Night
13,60.4,47.4,3435,1,0,2,1,Night
33,100.8,67.8,3436,2,0,2,1,Night
74,72.6,1.4000000000000057,3437,3,0,2,1,Night
122,139.6,17.599999999999994,3438,4,0,2,1,Night
136,203.6,67.6,3439,5,0,2,1,Morning
144,199.6,55.599999999999994,3440,6,0,2,1,Morning
169,198.6,29.599999999999994,3441,7,0,2,1,Morning
160,252.8,92.80000000000001,3442,8,0,2,1,Morning
138,279.8,141.8,3443,9,0,2,1,Morning
133,260.8,127.80000000000001,3444,10,0,2,1,Morning
123,194.6,71.6,3445,11,0,2,1,Morning
125,145.4,20.400000000000006,3446,12,0,2,1,Afternoon
102,70.4,31.599999999999994,3447,13,0,2,1,Afternoon
72,81.8,9.799999999999997,3448,14,0,2,1,Afternoon
47,66.2,19.200000000000003,3449,15,0,2,1,Afternoon
36,71.2,35.2,3450,16,0,2,1,Afternoon
49,31.8,17.2,3451,17,0,2,1,Evening
34,18.2,15.8,3452,18,0,2,1,Evening
19,5.8,13.2,3453,19,0,2,1,Evening
11,4.0,7.0,3454,20,0,2,1,Evening
1,2.2,1.2000000000000002,3455,21,0,2,1,Evening
3,2.0,1.0,3456,22,0,2,1,Night
9,18.8,9.8,3457,23,0,2,1,Night
40,81.0,41.0,3458,0,0,2,1,Night
85,215.0,130.0,3459,1,0,2,1,Night
196,462.0,266.0,3460,2,0,2,1,Night
157,203.0,46.0,3461,3,0,2,1,Night
120,87.6,32.400000000000006,3462,4,0,2,1,Night
157,85.8,71.2,3463,5,0,2,1,Morning
224,127.0,97.0,3464,6,0,2,2,Morning
203,130.6,72.4,3465,7,0,2,2,Morning
247,106.6,140.4,3466,8,0,2,2,Morning
315,136.2,178.8,3467,9,0,2,2,Morning
214,147.6,66.4,3468,10,0,2,2,Morning
164,359.4,195.39999999999998,3469,11,0,2,2,Morning
122,271.6,149.60000000000002,3470,12,0,2,2,Afternoon
119,256.8,137.8,3471,13,0,2,1,Afternoon
89,143.0,54.0,3472,14,0,2,1,Afternoon
90,142.8,52.80000000000001,3473,15,0,2,1,Afternoon
61,78.8,17.799999999999997,3474,16,0,2,1,Afternoon
49,42.2,6.799999999999997,3475,17,0,2,1,Evening
